,Pallet_ID,latitude,longitude,Time,Date
0,Y0623,41.79556684766413,-87.57533150153446,08:00:00,2024-09-05
1,S21000,40.58461810575839,-73.84556974745745,08:10:54,2024-09-05
2,A8624,41.99686450043024,-87.82919858777267,08:21:07,2024-09-05
3,I21001,40.57657359927767,-74.30772215001194,08:32:42,2024-09-05
4,Q11002,40.55157977165135,-74.20695895182243,08:43:36,2024-09-05
5,X01350,45.38862432914896,-122.73777247727833,08:45:00,2024-09-05
6,S61003,40.97174858715924,-73.88645060445533,08:54:30,2024-09-05
7,H7625,41.70198368612916,-88.17350974959308,09:03:22,2024-09-05
8,B71351,45.60312080439966,-122.439859137481,09:05:23,2024-09-05
9,G8626,42.04326552943191,-88.18622045306853,09:13:56,2024-09-05
10,J21004,40.856319366473805,-73.97172772593217,09:16:18,2024-09-05
11,E71630,39.96931564025557,-75.35145455762054,09:20:15,2024-09-05
12,G4250,32.59424500812282,-117.01248429702324,09:30:00,2024-09-05
13,X01352,45.35023811081726,-122.26188475720194,09:35:59,2024-09-05
14,J2251,32.49520714428325,-117.36565934330255,09:41:04,2024-09-05
15,D0627,41.69283771894571,-89.2086395124637,09:45:37,2024-09-05
16,B11353,45.60385060942379,-122.119757725162,09:46:11,2024-09-05
17,N41005,40.76201880043581,-74.1994313263154,09:49:01,2024-09-05
18,I51631,39.68998387265307,-75.18844637037874,09:51:02,2024-09-05
19,U4252,32.83948706005462,-117.0337447878306,09:52:08,2024-09-05
20,F5628,41.72786307706359,-89.71743842746082,09:56:11,2024-09-05
21,V41006,40.7555605541172,-74.2759654781678,09:59:55,2024-09-05
22,R3777,47.4752887457012,-122.31603099401036,10:05:11,2024-09-05
23,N51354,45.46579739440404,-121.83335623466544,10:06:35,2024-09-05
24,D51632,40.04014447059614,-75.20938068166582,10:11:33,2024-09-05
25,T7253,32.96297334830334,-117.17868551505752,10:14:17,2024-09-05
26,Z8778,47.44815403630274,-122.36435185987187,10:15:17,2024-09-05
27,W61355,45.843935472223215,-121.73368447289106,10:16:47,2024-09-05
28,F3629,41.49349214981474,-90.21253856138188,10:17:19,2024-09-05
29,R41007,40.761323168692265,-74.44873138661396,10:21:43,2024-09-05
30,A11633,40.05541873306085,-75.25754140705918,10:21:48,2024-09-05
31,Z5254,32.85159765962392,-116.89635549395562,10:25:21,2024-09-05
32,G2779,47.78691346317122,-122.14092160146342,10:25:23,2024-09-05
33,B31356,45.63828173315992,-121.83664192587884,10:26:59,2024-09-05
34,F7630,41.51364057583449,-90.21762539780356,10:27:52,2024-09-05
35,P31634,39.86015198861409,-75.426241596585,10:32:04,2024-09-05
36,Y0780,47.487832732607714,-121.79544196093477,10:35:29,2024-09-05
37,B9255,32.62518201861376,-116.55897903321883,10:36:26,2024-09-05
38,D0631,41.70447470793824,-90.303090710391,10:38:26,2024-09-05
39,U4781,47.48376252678117,-121.87154489631192,10:45:35,2024-09-05
40,N8256,32.7758704921975,-116.5351438862216,10:47:30,2024-09-05
41,J51635,39.61828159430279,-75.56957790167569,10:52:35,2024-09-05
42,I7257,32.944095930730946,-116.38848908131338,10:58:35,2024-09-05
43,E5632,41.37068456535293,-90.14467823416174,10:59:34,2024-09-05
44,M11008,40.92279423638525,-74.9501489757191,11:05:19,2024-09-05
45,U91357,45.88613646718981,-121.54734348699552,11:07:47,2024-09-05
46,Z5258,32.815968583242146,-116.66960989186852,11:09:39,2024-09-05
47,J1633,41.43467183988414,-90.40836176305233,11:10:08,2024-09-05
48,T21358,45.58212294969667,-121.12748585082434,11:17:59,2024-09-05
49,Z7634,41.845797208309286,-90.74364448474356,11:20:41,2024-09-05
50,F61636,39.82698188835775,-75.92433167803105,11:23:21,2024-09-05
51,M7782,47.38684160817037,-121.68721702635958,11:25:58,2024-09-05
52,S1259,32.8193539664633,-116.65426850852351,11:31:48,2024-09-05
53,I2783,47.64335167997744,-121.35517203345525,11:36:04,2024-09-05
54,X91009,40.81086359573419,-75.05129752595693,11:38:02,2024-09-05
55,G8635,41.61575582582717,-91.42630342416808,11:41:49,2024-09-05
56,D8260,32.73836010691995,-116.08893328336347,11:42:52,2024-09-05
57,C91637,39.22551483832284,-76.3677239579043,11:43:52,2024-09-05
58,B3784,47.37990667646216,-121.26667126179548,11:46:10,2024-09-05
59,C11010,40.912126848479545,-74.9200469662212,11:48:56,2024-09-05
60,S5636,41.52714575061842,-91.3008280662023,11:52:23,2024-09-05
61,P0261,32.56591239244929,-116.24571768975264,11:53:57,2024-09-05
62,P91359,45.71797783380551,-120.84171039794056,11:58:47,2024-09-05
63,F4637,41.897861355514216,-91.46135529337114,12:02:56,2024-09-05
64,J71638,39.61071982093552,-76.3393093389151,12:14:39,2024-09-05
65,L0785,47.19041723712755,-121.10097643583744,12:16:27,2024-09-05
66,K91360,45.59777034293965,-119.7698565825081,12:19:11,2024-09-05
67,A9638,41.68284008574079,-91.88166616926438,12:24:04,2024-09-05
68,F0639,41.76417249825804,-92.02163982111688,12:34:38,2024-09-05
69,R1786,47.37538104065619,-120.98441687939116,12:36:39,2024-09-05
70,D3262,32.98471070113639,-116.02098144254396,12:38:14,2024-09-05
71,W2787,46.878056627827895,-120.8218838805453,12:46:45,2024-09-05
72,N6263,32.61773681290178,-115.4030125423952,12:49:19,2024-09-05
73,P21011,41.26860852274011,-75.70087175900603,12:54:20,2024-09-05
74,G81639,39.25457611784772,-76.67792464960493,12:55:41,2024-09-05
75,P4640,41.7155464626518,-92.40343422365932,12:55:45,2024-09-05
76,C71205,30.43053100663389,-97.64475234543067,13:00:00,2024-09-05
77,R9264,32.65566869793782,-114.66277659599672,13:00:23,2024-09-05
78,Z6641,41.62379995967096,-92.9158630016072,13:06:19,2024-09-05
79,K2788,46.90100108373641,-120.68933565877416,13:06:57,2024-09-05
80,T4874,33.89372294635129,-84.34184367184636,13:07:57,2024-09-05
81,S81206,30.44877832992828,-97.96352954998538,13:10:04,2024-09-05
82,N11361,45.736795356433085,-118.40646537657196,13:10:11,2024-09-05
83,R81640,39.33634271207285,-76.82511848632603,13:16:12,2024-09-05
84,H11362,45.75099457767805,-118.34690324771935,13:20:23,2024-09-05
85,K3265,32.77455808017762,-114.42008418706916,13:22:32,2024-09-05
86,P11207,30.310081446224384,-98.03367627942816,13:30:12,2024-09-05
87,I81363,45.524581882178005,-118.31518073314592,13:30:35,2024-09-05
88,C1875,33.9725034920024,-84.4675706156419,13:30:55,2024-09-05
89,W4266,32.866361917473675,-114.40902467192626,13:33:36,2024-09-05
90,E2642,41.79450835039556,-93.5839670960163,13:38:00,2024-09-05
91,O01208,30.25523796771336,-98.04938926158644,13:40:16,2024-09-05
92,H61364,45.2163029562065,-118.45019342390016,13:40:47,2024-09-05
93,G2876,33.9940968911347,-84.67836741984483,13:42:23,2024-09-05
94,W9267,32.80145888831676,-114.33871385999872,13:44:41,2024-09-05
95,T21641,39.54272523132946,-77.244480264184,13:46:59,2024-09-05
96,C6789,46.57010216642436,-120.39814813728704,13:47:20,2024-09-05
97,L2643,41.82991223660222,-93.66405721757629,13:48:34,2024-09-05
98,T91365,45.57439951055246,-118.24048813988443,13:50:59,2024-09-05
99,U2877,33.94205328008762,-84.71211714571785,13:53:52,2024-09-05
100,K3268,32.6567788755472,-114.36396760811893,13:55:45,2024-09-05
101,Q41642,39.28977417145402,-77.41143363945855,13:57:14,2024-09-05
102,Q8790,46.5717719316262,-120.22082873734372,13:57:26,2024-09-05
103,L61012,40.803410398818855,-76.79088683021389,13:59:45,2024-09-05
104,Z61500,33.94342293475978,-84.3341398639302,14:05:00,2024-09-05
105,A4878,34.003888977286444,-84.8567259664909,14:05:21,2024-09-05
106,T6269,32.69321258240703,-113.9167312168526,14:06:49,2024-09-05
107,I81643,39.36836879704142,-77.40764347954061,14:07:30,2024-09-05
108,B51013,41.16594063902932,-77.16871098850248,14:10:39,2024-09-05
109,V01366,45.50061839039011,-117.83960626953964,14:11:23,2024-09-05
110,Y0879,34.488484587940974,-84.78131387917809,14:16:50,2024-09-05
111,P0270,32.93397371266398,-113.67675780785768,14:17:54,2024-09-05
112,I51209,30.077311349253986,-97.9141733971654,14:20:33,2024-09-05
113,C01014,41.08266498752277,-77.28673237029257,14:21:33,2024-09-05
114,P9791,46.00309569799446,-119.58846714812832,14:27:44,2024-09-05
115,W61644,39.50872067220125,-77.99928724194638,14:28:01,2024-09-05
116,U4880,34.16970733345235,-84.92494133894716,14:28:18,2024-09-05
117,J4271,32.847006501461784,-113.39130061687617,14:28:58,2024-09-05
118,P51210,29.985146741578003,-98.30392381114476,14:30:37,2024-09-05
119,J2644,41.62884813086972,-94.59130665944066,14:30:49,2024-09-05
120,B81015,41.29385943011808,-77.48534397645162,14:32:27,2024-09-05
121,Z9272,33.14806912663945,-112.84870007037397,14:40:03,2024-09-05
122,S01016,41.277907992179415,-77.49833750342721,14:43:22,2024-09-05
123,U91645,38.95158546890507,-77.70425882497375,14:48:32,2024-09-05
124,N6273,33.087025661522766,-112.53244583908642,14:51:07,2024-09-05
125,O2645,41.50889294189863,-95.24668023264904,14:51:57,2024-09-05
126,L3792,45.99900433089806,-119.2340339899921,14:58:01,2024-09-05
127,K3274,32.69031721857052,-112.46972192365313,15:02:11,2024-09-05
128,O61367,44.43280246420211,-117.32769161451412,15:02:23,2024-09-05
129,F4646,41.39913673027979,-95.3464832186487,15:02:31,2024-09-05
130,U31211,29.969666349984166,-98.31673479402323,15:10:54,2024-09-05
131,U21368,44.250714356139625,-117.1012926934688,15:12:35,2024-09-05
132,G1647,41.51151500097157,-95.162464007252,15:13:04,2024-09-05
133,X4275,33.07909767954186,-112.49344834526056,15:13:16,2024-09-05
134,N71017,41.0912944481129,-77.74071533172001,15:16:04,2024-09-05
135,Z81501,34.04761592021277,-84.78510192012094,15:16:19,2024-09-05
136,U21646,39.07397107969864,-77.91877553141235,15:19:18,2024-09-05
137,A1648,41.665924739720246,-95.57028668930413,15:23:38,2024-09-05
138,K7881,35.06474285403879,-84.97056281197422,15:25:42,2024-09-05
139,X61018,41.06739226691932,-78.21390322624555,15:26:58,2024-09-05
140,V5793,45.6397735973249,-118.43951977370055,15:28:19,2024-09-05
141,T0649,41.41291310419516,-95.71100399761129,15:34:12,2024-09-05
142,M6276,32.677839467997764,-111.62196145049998,15:35:25,2024-09-05
143,K4882,34.861794062464895,-85.23200705661175,15:37:11,2024-09-05
144,U31019,41.02883179337389,-78.45490348654225,15:37:52,2024-09-05
145,L41647,38.87457806630128,-78.2283738030452,15:39:49,2024-09-05
146,R81212,30.23180297066082,-98.27596775244258,15:41:06,2024-09-05
147,R2650,41.24413532551048,-95.88623081044264,15:44:46,2024-09-05
148,S9277,32.78010903238598,-111.31614018854324,15:46:29,2024-09-05
149,C81502,34.250620468339854,-84.68126517152967,15:46:53,2024-09-05
150,P3794,45.68055560146093,-118.34104744687644,15:48:30,2024-09-05
151,T11648,39.11630422891665,-78.41233101743725,15:50:05,2024-09-05
152,R31213,30.04501132795912,-98.32183601970743,15:51:10,2024-09-05
153,F9651,41.47604138442399,-95.87186774579403,15:55:20,2024-09-05
154,P1278,32.86721859919072,-111.41674247959078,15:57:33,2024-09-05
155,K31020,40.874286139256576,-78.66358717800665,15:59:40,2024-09-05
156,B7883,34.997870919467104,-85.52405358528578,16:00:08,2024-09-05
157,P61649,38.76808830556087,-78.4410465661294,16:00:20,2024-09-05
158,G4652,41.18156394676708,-96.07293759766368,16:05:53,2024-09-05
159,J21650,39.04011488862043,-78.3602085542216,16:10:36,2024-09-05
160,S2884,35.03253156171413,-85.35864610192105,16:11:37,2024-09-05
161,Q0653,41.34720923346252,-95.89438886251988,16:16:27,2024-09-05
162,S51214,30.400006663440628,-98.74488438506584,16:21:23,2024-09-05
163,S21021,41.013358979543554,-78.90606264087248,16:21:29,2024-09-05
164,S8885,34.93539697361214,-85.61004120386679,16:23:06,2024-09-05
165,X01369,43.73896592346799,-116.71237714151069,16:23:59,2024-09-05
166,O9279,32.186977383867024,-110.81548647482956,16:30:47,2024-09-05
167,T11651,38.62562531518872,-78.46161885046759,16:31:07,2024-09-05
168,E0654,41.03060025926323,-96.1638292172306,16:37:35,2024-09-05
169,P91652,38.425422006748754,-78.81493850489183,16:41:23,2024-09-05
170,I4280,32.161924983239246,-110.9191210651695,16:41:51,2024-09-05
171,E61022,41.408662080806806,-78.99031048234204,16:43:17,2024-09-05
172,F51370,43.48153884375338,-116.51843152042136,16:44:23,2024-09-05
173,T41503,34.831677432035555,-85.19445524381368,16:48:01,2024-09-05
174,Y51215,30.08497633479657,-99.14626668715064,16:51:35,2024-09-05
175,Q51653,38.51148517837904,-78.63107536673316,16:51:38,2024-09-05
176,Z1281,32.1111057824805,-110.80827023736305,16:52:55,2024-09-05
177,L8886,35.27396971512555,-85.90471930622705,16:57:32,2024-09-05
178,S31504,34.98107698868502,-85.26108236190827,16:58:13,2024-09-05
179,Y5655,40.85927764696766,-96.16299946185326,16:58:42,2024-09-05
180,K1282,32.155402159014166,-110.71091883852776,17:04:00,2024-09-05
181,Z01371,43.42294669134556,-115.87493445265171,17:04:47,2024-09-05
182,X51023,41.32631820812337,-79.06140429235512,17:05:05,2024-09-05
183,G6656,40.9159337980002,-96.45539658867028,17:09:16,2024-09-05
184,U2283,32.16615174394355,-110.6138892898509,17:15:04,2024-09-05
185,G91024,41.39377292760452,-79.1486357316222,17:15:59,2024-09-05
186,Z9795,44.81889405955319,-117.99511465687844,17:19:23,2024-09-05
187,Y7657,40.90936737433164,-96.5885218664242,17:19:50,2024-09-05
188,Z31372,42.84825389379333,-115.47527761468191,17:25:11,2024-09-05
189,H51505,34.93312590958825,-85.22213604262382,17:28:47,2024-09-05
190,J3796,44.72348726060576,-117.47485833726826,17:29:29,2024-09-05
191,C31654,38.45337157459807,-79.13749181805433,17:32:40,2024-09-05
192,Z31373,42.757561483262094,-115.35417144017408,17:35:23,2024-09-05
193,F6284,32.03423356261374,-110.71142466882534,17:37:13,2024-09-05
194,V11025,41.333322035619645,-79.6161766365345,17:37:47,2024-09-05
195,G51655,38.37731290930636,-78.88740923976796,17:42:56,2024-09-05
196,W0887,35.91203483718961,-86.59329367455955,17:43:27,2024-09-05
197,S9285,31.823830232196155,-110.59849509011194,17:48:17,2024-09-05
198,U81506,34.82467998670259,-85.48112172646626,17:49:09,2024-09-05
199,F4658,40.57700397874059,-96.9580778319324,17:51:31,2024-09-05
200,K01507,34.78923997748487,-85.4781745452878,17:59:21,2024-09-05
201,O9286,32.06600412112888,-110.43596830311076,17:59:22,2024-09-05
202,F0659,40.71588563698485,-97.1756118005404,18:02:05,2024-09-05
203,K81656,37.8882201344628,-79.32724028421721,18:03:27,2024-09-05
204,E3888,36.41813885591199,-86.98468281640812,18:06:25,2024-09-05
205,K0287,31.776705178300524,-110.3112408313888,18:10:26,2024-09-05
206,W71657,38.16290157538776,-79.1309218501153,18:13:42,2024-09-05
207,P3889,36.32720150504286,-87.08722096585579,18:17:54,2024-09-05
208,O61508,35.36889220210787,-86.03012086126178,18:19:43,2024-09-05
209,I3797,44.08581273542822,-117.13298358525242,18:19:58,2024-09-05
210,W7288,31.86995545937391,-109.8127242279959,18:21:31,2024-09-05
211,M5660,40.5820422827758,-98.12215056642682,18:23:12,2024-09-05
212,G21658,37.786541684884085,-79.23654951967013,18:23:58,2024-09-05
213,Z11374,43.027717247902885,-114.79896108622508,18:26:23,2024-09-05
214,P5890,36.30569756636417,-87.05294406716655,18:29:22,2024-09-05
215,X7798,44.26582096084815,-117.02245301339195,18:30:04,2024-09-05
216,Y5289,32.44535215735663,-109.9673646251548,18:32:35,2024-09-05
217,E21659,37.88999923175475,-79.16015239104178,18:34:13,2024-09-05
218,Q4891,36.55139512993848,-87.38858534043207,18:40:51,2024-09-05
219,H01026,41.41236675092512,-80.42310380832843,18:43:12,2024-09-05
220,M1290,32.539900948432354,-109.60988249842998,18:43:39,2024-09-05
221,P9661,40.89069217569843,-98.1868293230484,18:44:20,2024-09-05
222,N11375,42.49147631094982,-114.78650313289586,18:46:47,2024-09-05
223,W9799,43.960675457954686,-116.63586130181464,18:50:16,2024-09-05
224,X7892,36.62614897504678,-87.39500928501378,18:52:20,2024-09-05
225,K21027,41.05480485943444,-80.54407678709404,18:54:06,2024-09-05
226,X41660,37.46801090242948,-79.59809836901883,18:54:44,2024-09-05
227,J9662,40.4791952339064,-98.5894282396014,18:54:54,2024-09-05
228,W21376,42.42899370717994,-114.49270660447694,18:56:59,2024-09-05
229,B9291,32.23768903188332,-109.34594750212244,19:05:48,2024-09-05
230,J71377,42.63501770004868,-114.3062153205176,19:07:11,2024-09-05
231,K3800,43.52660859835317,-116.45288406905532,19:10:28,2024-09-05
232,Y01509,35.74161858006906,-86.62861992180919,19:10:40,2024-09-05
233,V2893,36.65754449963385,-87.81698328105854,19:15:17,2024-09-05
234,X41028,41.043079706923,-80.81739413963541,19:15:54,2024-09-05
235,F0663,40.55585497491656,-99.07624867218618,19:16:01,2024-09-05
236,J0292,32.0544936119602,-109.46420469248147,19:16:53,2024-09-05
237,N11378,42.42461681422044,-113.91717848304678,19:17:23,2024-09-05
238,H3801,43.76711151635125,-116.66274976146396,19:20:34,2024-09-05
239,F31510,36.21871397242307,-86.7999575620865,19:20:52,2024-09-05
240,W31216,30.976841240762564,-102.10249210258964,19:22:38,2024-09-05
241,J8664,40.71701138780914,-99.33935133488718,19:26:35,2024-09-05
242,R9894,36.81910323691149,-88.04433259642607,19:26:46,2024-09-05
243,Y41029,41.38559185634713,-80.87836979387258,19:26:48,2024-09-05
244,J6802,43.70040355888257,-116.18698194944456,19:30:39,2024-09-05
245,K71511,35.91140684598166,-86.92912300646958,19:31:03,2024-09-05
246,Q21217,31.076749439706788,-102.3189283441285,19:32:42,2024-09-05
247,L9665,40.73443875689836,-99.84158964829425,19:37:09,2024-09-05
248,N61030,41.28026912715857,-81.31487680074996,19:37:43,2024-09-05
249,J9293,32.154271380008765,-108.78800235695816,19:39:01,2024-09-05
250,G8803,43.64212411208135,-116.07437166169632,19:40:45,2024-09-05
251,A91512,36.16012969671235,-86.6912936224521,19:41:14,2024-09-05
252,X91661,37.34284907519798,-79.87799617645763,19:46:02,2024-09-05
253,U81379,42.74891993898187,-113.59298153871484,19:47:59,2024-09-05
254,X3895,37.155896580532215,-88.2508846186531,19:49:44,2024-09-05
255,A0294,32.291688220415146,-108.47710571221025,19:50:06,2024-09-05
256,R5804,43.56515497098101,-116.0421544283684,19:50:51,2024-09-05
257,O01662,37.1484823314208,-80.06641294616227,19:56:17,2024-09-05
258,U51031,41.21055001454032,-81.23495012119517,19:59:31,2024-09-05
259,X4805,42.934444457898245,-115.70794708733256,20:00:57,2024-09-05
260,U4295,32.00991200402714,-108.4702963516777,20:01:10,2024-09-05
261,L7896,37.11056713195746,-88.27914845010953,20:01:12,2024-09-05
262,P11513,36.34727480548954,-87.0814853757343,20:01:37,2024-09-05
263,W3666,40.90515114819866,-100.12228286777356,20:08:50,2024-09-05
264,A0806,42.81658877105503,-115.38330863322558,20:11:03,2024-09-05
265,W01514,36.52591910985476,-86.83706271114818,20:11:48,2024-09-05
266,M3897,37.22463033864032,-88.46373902884562,20:12:41,2024-09-05
267,E11218,30.782639571074306,-103.66430051504842,20:12:58,2024-09-05
268,X1667,41.08779763351176,-100.5842455928862,20:19:24,2024-09-05
269,H9296,32.21716168193417,-107.51290693219896,20:23:19,2024-09-05
270,T3898,36.80143797285322,-88.28030513563557,20:24:10,2024-09-05
271,S61380,42.08999547640427,-112.83571117151216,20:28:47,2024-09-05
272,Q61515,36.74746858705958,-87.28300485999904,20:32:11,2024-09-05
273,P91219,31.116742339741386,-104.24076682972152,20:33:07,2024-09-05
274,J3297,32.10827284392396,-107.56667319756644,20:34:23,2024-09-05
275,L0899,36.97347451959403,-88.56198699465384,20:35:39,2024-09-05
276,O91663,37.40344132728122,-80.48828587591129,20:37:20,2024-09-05
277,P21381,42.0069048521818,-112.69727617339898,20:38:59,2024-09-05
278,O9668,40.94929962871191,-101.40047429530269,20:40:32,2024-09-05
279,S8807,42.74414531402292,-115.48500446822833,20:41:20,2024-09-05
280,Z91516,36.62449839534917,-87.48881308621831,20:42:22,2024-09-05
281,X1298,32.28188235751607,-107.52856412296056,20:45:28,2024-09-05
282,X7900,36.89147000303026,-88.44387960511273,20:47:07,2024-09-05
283,G81382,41.68211378623801,-112.71714787323766,20:49:11,2024-09-05
284,M6669,41.192325046437,-101.59415510891198,20:51:05,2024-09-05
285,Q1808,42.7669362227657,-115.2448006243538,20:51:26,2024-09-05
286,V11032,41.12931441308887,-82.45549687069946,20:54:01,2024-09-05
287,U7299,32.487329034682844,-107.04326836419716,20:56:32,2024-09-05
288,S5901,37.20739485312701,-88.85310850677203,20:58:36,2024-09-05
289,X4809,42.68533210830024,-115.13362847396787,21:01:32,2024-09-05
290,M41517,37.07957681817996,-87.70636150675017,21:02:45,2024-09-05
291,M41220,31.27401394829832,-104.52239638892996,21:03:19,2024-09-05
292,E7300,32.407967185230945,-106.99786936260766,21:07:37,2024-09-05
293,Y71383,41.78067758049764,-111.9198658224943,21:09:35,2024-09-05
294,S31664,37.00413378309341,-80.51046281179268,21:18:22,2024-09-05
295,O9301,32.487527359721504,-106.71060507339452,21:18:41,2024-09-05
296,C71384,41.50971279752124,-112.13317362785946,21:19:47,2024-09-05
297,W5902,37.0152941047614,-88.87203392445358,21:21:34,2024-09-05
298,A0670,41.2521926004002,-102.3079249772162,21:22:47,2024-09-05
299,P01518,37.02973834711362,-87.97559770774828,21:23:08,2024-09-05
300,R01221,30.856894069089886,-104.90437266706331,21:23:28,2024-09-05
301,N31033,41.48903451162731,-82.97827086694589,21:26:44,2024-09-05
302,U3302,32.20838849389536,-106.75612299357503,21:29:45,2024-09-05
303,B9903,37.43249378752184,-88.93563433346813,21:33:02,2024-09-05
304,K21034,41.47667161234856,-83.55324243125766,21:37:38,2024-09-05
305,L11665,36.82714041162026,-81.18341335367438,21:38:53,2024-09-05
306,N7303,31.803005772095435,-106.80448310455982,21:40:50,2024-09-05
307,A3810,42.54704462552847,-114.36180541499392,21:41:56,2024-09-05
308,J9671,41.24462757268351,-102.74873957579725,21:43:54,2024-09-05
309,U4904,37.50323473530526,-88.7385802666636,21:44:31,2024-09-05
310,N71035,41.435156676865695,-83.55800294100187,21:48:32,2024-09-05
311,R8304,31.999717860059647,-106.52357521391406,21:51:54,2024-09-05
312,E6811,42.69233643082828,-114.66643911888808,21:52:01,2024-09-05
313,C1905,37.73788100571164,-89.18125479813543,21:56:00,2024-09-05
314,W01036,41.65571336147024,-83.82848967939424,21:59:26,2024-09-05
315,R2812,42.2493405657181,-114.55192202678413,22:02:07,2024-09-05
316,O4305,32.00557017235091,-106.26621216556076,22:02:59,2024-09-05
317,F7906,37.76188862863958,-89.13855988944823,22:07:29,2024-09-05
318,M61385,41.08668997458211,-111.74509811646,22:10:47,2024-09-05
319,F2813,42.16826656472593,-114.61773451175829,22:12:13,2024-09-05
320,T0306,31.61625639397093,-106.55989450986024,22:14:03,2024-09-05
321,M3672,41.4031765017244,-103.66708638191764,22:15:36,2024-09-05
322,S3907,37.89718889054843,-88.95938476854191,22:18:58,2024-09-05
323,L41666,36.84780517130912,-81.35731117059818,22:19:55,2024-09-05
324,J41667,36.76029513584651,-81.43455478994402,22:30:10,2024-09-05
325,M31386,41.06402232771009,-111.72284777980452,22:31:11,2024-09-05
326,Q2307,31.51650762182896,-106.3121547349625,22:36:12,2024-09-05
327,J0673,41.25852611898243,-104.20711368570002,22:36:43,2024-09-05
328,O41387,41.06755429117419,-111.38062107867144,22:41:23,2024-09-05
329,X0908,38.18997064176787,-89.10868394443547,22:41:55,2024-09-05
330,F91222,31.34167926860476,-105.92403891828694,22:44:01,2024-09-05
331,J4308,31.644098372522308,-106.19863917752085,22:47:16,2024-09-05
332,V3674,41.322030416649696,-104.54997171228187,22:47:17,2024-09-05
333,E01668,36.70878663869631,-81.52347416635826,22:50:41,2024-09-05
334,W01388,41.32622582737135,-111.01158022767302,22:51:35,2024-09-05
335,N6909,38.39491806393049,-88.99223762163864,22:53:24,2024-09-05
336,T71037,41.56116863976091,-84.65947646663471,22:53:57,2024-09-05
337,J51519,37.05256725597184,-88.67188878600179,22:54:50,2024-09-05
338,C7675,41.16279583611565,-104.8062160963703,22:57:51,2024-09-05
339,L8309,31.498724570384287,-105.89515718233764,22:58:21,2024-09-05
340,Q71389,41.17748928344622,-110.86973916557858,23:01:47,2024-09-05
341,V01038,41.49984731104005,-85.13280362615613,23:04:51,2024-09-05
342,D6310,31.53403179348914,-105.84350934128702,23:09:25,2024-09-05
343,H51390,41.177196693564056,-111.00144389596844,23:11:59,2024-09-05
344,E8814,41.67102405661476,-114.9734524335589,23:12:48,2024-09-05
345,V6676,41.20691051543396,-105.5835816747332,23:18:58,2024-09-05
346,O3311,31.331934712915512,-106.02250677075256,23:20:29,2024-09-05
347,H11669,36.91373853771071,-81.79134687220188,23:21:28,2024-09-05
348,A51391,41.20153576477334,-110.7852093055695,23:22:11,2024-09-05
349,W21223,31.655832110710303,-106.25786692514056,23:24:17,2024-09-05
350,Y11520,37.49497485202681,-88.9193436410872,23:25:24,2024-09-05
351,O0677,41.407118140450855,-105.20050804668648,23:29:32,2024-09-05
352,W0312,31.38192030818545,-105.68218248618648,23:31:34,2024-09-05
353,A81670,36.93968742337235,-81.85016741848773,23:31:43,2024-09-05
354,V01392,41.426106449578825,-110.59881291615054,23:32:23,2024-09-05
355,X1815,41.533712127647945,-114.89929261048862,23:33:00,2024-09-05
356,U21224,31.869840622978423,-106.33045887587052,23:34:22,2024-09-05
357,N4678,41.396178606107576,-105.41952564133516,23:40:06,2024-09-05
358,R81671,36.40924180217683,-82.20245317024322,23:41:59,2024-09-05
359,T1313,31.150542584804224,-105.64630778295523,23:42:38,2024-09-05
360,Y6816,41.41563973444162,-114.9529398828445,23:43:06,2024-09-05
361,C81225,31.71802546947553,-106.42120991282944,23:44:26,2024-09-05
362,I71039,41.66298175899237,-85.90618287160785,23:48:27,2024-09-05
363,C3817,41.23795445900774,-115.0639937079766,23:53:12,2024-09-05
364,W2314,31.12340735144963,-105.2473376715317,23:53:43,2024-09-05
365,Q01040,41.58276673165008,-86.02672792834792,23:59:21,2024-09-05
366,S3679,41.468412296474106,-105.90482799781618,00:01:13,2024-09-06
367,Q2910,38.59385154175247,-90.05703975547475,00:02:16,2024-09-06
368,G91672,36.792552815237485,-82.50203458529663,00:02:30,2024-09-06
369,V91393,41.57869416425421,-110.068294602002,00:02:59,2024-09-06
370,T81226,31.882939222436004,-106.64409410601374,00:04:34,2024-09-06
371,F3315,31.14648010661042,-105.27868570854412,00:04:47,2024-09-06
372,J71394,41.78112285205509,-109.4252712896568,00:13:11,2024-09-06
373,W1911,38.47258122751512,-89.92949596303758,00:13:45,2024-09-06
374,J11227,32.31822737038644,-106.73848296311664,00:14:38,2024-09-06
375,O3316,31.112769405814817,-104.86920961206027,00:15:51,2024-09-06
376,Q81521,37.97825278562647,-89.02207331118646,00:16:21,2024-09-06
377,I31041,41.59106718137272,-86.2923158426329,00:21:09,2024-09-06
378,O11673,36.2406133457507,-82.69804833422857,00:23:01,2024-09-06
379,E51395,41.72509841190811,-109.51866447018084,00:23:23,2024-09-06
380,W6818,40.54325471804837,-114.78051802626172,00:23:29,2024-09-06
381,Q3317,30.84267198042533,-104.90494280556324,00:26:56,2024-09-06
382,M31042,41.81081889596464,-86.50248783860573,00:32:04,2024-09-06
383,R81674,36.24698072057355,-82.62099762641029,00:33:17,2024-09-06
384,R5819,40.18812583410835,-114.87635620069284,00:33:35,2024-09-06
385,C3318,31.06296524963458,-104.82695843040968,00:38:00,2024-09-06
386,H11043,41.82988445258169,-86.6881986612485,00:42:58,2024-09-06
387,W3680,41.53825622592831,-106.87764876053495,00:43:28,2024-09-06
388,F71675,36.23052043403565,-82.72803559352471,00:43:32,2024-09-06
389,K31522,38.11670935888881,-88.85202677227095,00:46:55,2024-09-06
390,T4912,38.92050038332693,-90.2920974242437,00:48:11,2024-09-06
391,M6820,39.9857732517608,-114.65021840566124,00:53:47,2024-09-06
392,T91676,36.33706943668662,-83.28168147071159,00:53:48,2024-09-06
393,T81044,41.613138373086464,-86.72485045635925,00:53:52,2024-09-06
394,C1319,31.28033097549756,-104.18566501904104,01:00:09,2024-09-06
395,Z6821,39.99324600477103,-114.81799465411623,01:03:53,2024-09-06
396,E61523,38.41859164372812,-89.15430395987353,01:07:18,2024-09-06
397,G6913,38.51456447493421,-90.308675583591,01:11:09,2024-09-06
398,M1320,30.943851483778417,-104.4398888716366,01:11:13,2024-09-06
399,U91396,41.58694028501907,-108.1055029143054,01:14:23,2024-09-06
400,H31228,32.26127396129652,-107.9256642047908,01:15:03,2024-09-06
401,R1321,31.027211664632773,-104.24719819301744,01:22:18,2024-09-06
402,F9914,38.691768935277786,-90.37876115255708,01:22:38,2024-09-06
403,C91677,36.11393509204745,-83.74624027868128,01:24:34,2024-09-06
404,Q31229,32.24290774715928,-108.30995923621948,01:25:07,2024-09-06
405,Z01524,38.61273636130919,-89.4809631388982,01:27:40,2024-09-06
406,B5322,31.17505633408778,-104.22271202629938,01:33:22,2024-09-06
407,N4915,38.74500709182171,-90.425707618724,01:34:06,2024-09-06
408,R6822,39.40647957336599,-114.9507109648107,01:34:10,2024-09-06
409,U91045,41.8143980645446,-87.12343614782789,01:37:28,2024-09-06
410,R3777,39.033587494287495,-114.89787071082034,01:44:16,2024-09-06
411,B41397,41.78878373517294,-107.10334263990951,01:44:59,2024-09-06
412,F81678,35.650951373788985,-84.21916449239727,01:45:05,2024-09-06
413,M9916,38.9400125071568,-90.66950915481632,01:45:35,2024-09-06
414,J1681,41.894197091995714,-109.06058627057796,01:46:51,2024-09-06
415,E11525,38.285512293000906,-89.63307894457289,01:48:03,2024-09-06
416,Z8778,39.39825024782745,-114.8733726233599,01:54:22,2024-09-06
417,X61679,35.61821161013424,-84.32934118121374,01:55:21,2024-09-06
418,W9917,39.04998683011618,-91.058608367356,01:57:04,2024-09-06
419,J4682,41.839502768401765,-108.95722708133232,01:57:25,2024-09-06
420,I91526,38.77646508663242,-89.71758447282654,01:58:15,2024-09-06
421,L91046,41.61425527462107,-87.34015388836757,01:59:16,2024-09-06
422,P7323,31.03455711154741,-102.966606571895,02:06:35,2024-09-06
423,F2918,38.56702382982044,-91.08938035242224,02:08:33,2024-09-06
424,H61047,41.49912274434689,-87.32232748973786,02:10:11,2024-09-06
425,Q91230,32.23866198940434,-109.32316290132806,02:15:28,2024-09-06
426,Q0324,30.7455106868827,-103.12998764747812,02:17:40,2024-09-06
427,R1919,38.95687547833042,-91.09993068844766,02:20:01,2024-09-06
428,T01048,41.9337317055633,-87.63016999722716,02:21:05,2024-09-06
429,U41680,35.900235018173206,-84.7484893985474,02:26:07,2024-09-06
430,N91527,38.65048902739821,-89.93634449494012,02:28:49,2024-09-06
431,M1920,38.88215898003027,-91.47189947815636,02:31:30,2024-09-06
432,M01398,41.18748854232535,-105.67492385087388,02:35:59,2024-09-06
433,B81681,36.23622210058394,-84.8931447549427,02:36:23,2024-09-06
434,G5683,41.51452840839516,-110.10394719046808,02:39:40,2024-09-06
435,E4325,30.652328082901747,-102.40116686068345,02:39:48,2024-09-06
436,X2921,38.83816583971854,-91.37515130277517,02:42:59,2024-09-06
437,G2779,38.6389457354285,-115.09038762130632,02:44:51,2024-09-06
438,C01682,36.35239200042116,-85.19125347788305,02:46:38,2024-09-06
439,T8684,41.42940321756022,-110.2038786320914,02:50:14,2024-09-06
440,K9326,30.61606976029175,-101.91267704899208,02:50:53,2024-09-06
441,O6922,38.94442302115702,-91.57979409079518,02:54:28,2024-09-06
442,J81231,32.424993136362666,-109.7965737810008,02:55:45,2024-09-06
443,C01683,36.31810926855153,-85.55485137455425,02:56:54,2024-09-06
444,X2685,41.39075758382906,-110.87242127567222,03:00:48,2024-09-06
445,N6327,30.562709742642696,-101.94028979569065,03:01:57,2024-09-06
446,Y0780,38.22361382654018,-114.9121157652747,03:05:03,2024-09-06
447,D61232,31.839667342462857,-110.2855712433818,03:05:49,2024-09-06
448,M6686,41.27721528122956,-111.02201602867348,03:11:21,2024-09-06
449,U4781,37.99389072679157,-114.86856062172652,03:15:09,2024-09-06
450,R71233,31.74806775388451,-110.16664354755478,03:15:53,2024-09-06
451,D8923,39.110352951387895,-92.049145752502,03:17:25,2024-09-06
452,R81528,38.63438679150229,-90.37601693910172,03:19:45,2024-09-06
453,V51234,32.14494917574401,-110.55839688123726,03:25:57,2024-09-06
454,Y21049,41.96521266016739,-87.87662412645578,03:26:29,2024-09-06
455,T31399,41.12374526030023,-105.23405281627852,03:26:59,2024-09-06
456,E81684,36.05708732716412,-85.8292304924959,03:27:40,2024-09-06
457,M51529,38.5807303511759,-90.30011859911886,03:29:57,2024-09-06
458,H2687,41.34438035362907,-111.23392588542414,03:32:29,2024-09-06
459,S3328,30.79470704518249,-101.06462684611049,03:35:10,2024-09-06
460,M7782,37.819646974932,-115.0442543573428,03:35:21,2024-09-06
461,M31235,31.74897303333161,-110.38190980769096,03:36:01,2024-09-06
462,Q61685,36.34850134228818,-86.25406835370877,03:37:56,2024-09-06
463,O7924,38.92521537442511,-92.39010381435423,03:40:23,2024-09-06
464,I2783,37.94328411008742,-114.7900649535844,03:45:27,2024-09-06
465,M91236,31.85042966417073,-110.45600194465555,03:46:06,2024-09-06
466,P1329,30.618233491027567,-100.75377256611046,03:46:15,2024-09-06
467,T11686,36.03803884044599,-86.91381768546893,03:48:12,2024-09-06
468,S41530,38.92100704004451,-90.77002857117866,03:50:19,2024-09-06
469,J3688,40.76719843543368,-111.4653906556645,03:53:36,2024-09-06
470,C31400,41.03138757310349,-104.28160146433864,03:57:35,2024-09-06
471,V91687,36.29922315074584,-86.81492037938276,03:58:27,2024-09-06
472,S81050,42.47176643183761,-89.1416428315629,03:59:12,2024-09-06
473,J61531,38.90071527206484,-90.47996375019676,04:00:31,2024-09-06
474,N9689,40.98770983029944,-111.47304166904138,04:04:10,2024-09-06
475,D11401,41.14696818227644,-103.70189946188282,04:07:47,2024-09-06
476,J51688,36.09323272379943,-87.0100160646905,04:08:43,2024-09-06
477,Y51051,42.397413131267975,-88.80083890719467,04:10:06,2024-09-06
478,L0690,40.74806191472491,-111.45025230739894,04:14:44,2024-09-06
479,B3784,37.5765364119632,-115.31605181740488,04:15:44,2024-09-06
480,M31237,32.31090435825257,-111.06290676842036,04:16:18,2024-09-06
481,W41402,41.2327686979763,-103.364506764058,04:17:59,2024-09-06
482,W6330,30.4208311844472,-99.79634593438595,04:19:28,2024-09-06
483,L31532,39.02404164622813,-90.81813894441676,04:20:54,2024-09-06
484,L0785,37.62492961514095,-115.4399611955325,04:25:50,2024-09-06
485,O2925,38.85817610782119,-93.49381072003791,04:26:18,2024-09-06
486,B41689,35.90624477880863,-86.95529685580313,04:29:14,2024-09-06
487,Q8926,39.14920914251978,-93.65314801796389,04:37:47,2024-09-06
488,R81052,42.99924530360644,-89.04006418235338,04:42:48,2024-09-06
489,R1786,37.26584235963282,-114.9581516919548,04:46:02,2024-09-06
490,B5691,40.85682685954969,-111.98165012522573,04:46:25,2024-09-06
491,O91238,32.34155221661892,-111.03019749729816,04:46:31,2024-09-06
492,C1927,39.01377891138544,-93.74363312508682,04:49:15,2024-09-06
493,G4250,30.224538985368696,-99.506370065545,04:52:41,2024-09-06
494,W2787,37.41282318728206,-114.93954332449944,04:56:08,2024-09-06
495,T51403,41.01425699931466,-102.4204952912362,04:58:47,2024-09-06
496,T31690,35.62004955783221,-87.87311690606701,05:00:00,2024-09-06
497,J2251,30.4216132060678,-99.49558834839392,05:03:46,2024-09-06
498,B51053,42.99892844817301,-89.2051290589187,05:04:36,2024-09-06
499,J2928,39.24704024977315,-94.4328859528188,05:12:13,2024-09-06
500,U4252,30.330271356795578,-99.16592714121607,05:14:50,2024-09-06
501,K2788,36.98710345492643,-115.14734336703148,05:16:19,2024-09-06
502,M51239,32.69918638298728,-111.21577542044652,05:16:43,2024-09-06
503,C9692,40.79066453094544,-112.07070682508244,05:18:07,2024-09-06
504,O11404,41.01684572005984,-101.59334728123358,05:19:11,2024-09-06
505,X2929,39.22672225949941,-94.87663163766896,05:23:42,2024-09-06
506,T7253,30.19597124651454,-99.23235375027586,05:25:54,2024-09-06
507,C6789,36.96971108865901,-114.915699662326,05:26:25,2024-09-06
508,Y61240,32.61280880982768,-111.63851837840788,05:26:47,2024-09-06
509,A0693,40.5894051569009,-112.94191039297876,05:28:40,2024-09-06
510,F21691,35.50380897294923,-89.53996550593955,05:30:47,2024-09-06
511,R61533,38.95706697425143,-91.96718850209842,05:32:13,2024-09-06
512,Z5254,30.10194480302422,-98.92133432942828,05:36:59,2024-09-06
513,I11054,43.44878860716394,-89.3681622527506,05:37:19,2024-09-06
514,T8694,40.651918538831794,-113.24723736289928,05:39:14,2024-09-06
515,H91405,41.35527443017115,-101.61416408385485,05:39:35,2024-09-06
516,C11534,39.064767109304775,-92.2996946351942,05:42:24,2024-09-06
517,Q8790,36.62508053576032,-114.92197055066023,05:46:37,2024-09-06
518,B9255,29.96896402370508,-99.05325391897802,05:48:03,2024-09-06
519,G41055,43.70473731388159,-89.39816790501085,05:48:13,2024-09-06
520,M4695,40.57977927750659,-114.21321475501324,05:49:48,2024-09-06
521,I2930,38.9168288730472,-94.98712672961403,05:58:08,2024-09-06
522,D41056,43.55853467685303,-89.7700460723011,05:59:07,2024-09-06
523,Y0623,40.61336457392861,-114.04605486763224,06:00:22,2024-09-06
524,G01535,38.87790762909403,-92.6124080716019,06:02:47,2024-09-06
525,Z01241,33.54893909781071,-112.21119354823333,06:07:04,2024-09-06
526,O5931,38.77863870520263,-95.24176186465358,06:09:37,2024-09-06
527,W21057,43.35639762338961,-89.92791009860667,06:10:01,2024-09-06
528,A8624,41.03822948145632,-114.22427932400832,06:10:56,2024-09-06
529,J61692,35.085249429982554,-90.02650275126173,06:11:49,2024-09-06
530,B01536,38.735820508135866,-93.11957918184184,06:12:58,2024-09-06
531,P9791,36.38215208303279,-114.90424431309086,06:16:54,2024-09-06
532,T0932,39.13290974688609,-95.30167917810256,06:21:05,2024-09-06
533,L41242,33.53340248345599,-111.82195344108052,06:27:12,2024-09-06
534,H7625,40.88179599412443,-114.45625556031412,06:32:03,2024-09-06
535,N8256,29.7227915350032,-98.88280509995906,06:32:21,2024-09-06
536,N6933,39.21075285687333,-95.41447066891008,06:32:34,2024-09-06
537,I7257,29.777151771985533,-98.49327997737107,06:43:25,2024-09-06
538,E81537,38.93993399325374,-93.74413443892648,06:43:33,2024-09-06
539,P0934,39.16417938900682,-95.53085703151896,06:44:03,2024-09-06
540,E51406,40.80078377590294,-99.33634820788043,06:50:59,2024-09-06
541,G8626,40.88393860039262,-115.41797908937342,06:53:11,2024-09-06
542,Z5258,29.720350230809032,-98.56837586239048,06:54:30,2024-09-06
543,P9935,39.28607140400473,-95.69296576895374,06:55:32,2024-09-06
544,D0627,41.08861150622422,-115.69546455101596,07:03:44,2024-09-06
545,J51538,39.022831267206485,-94.05467402329823,07:03:55,2024-09-06
546,T31058,44.18538851408854,-90.48264476582912,07:04:31,2024-09-06
547,P91693,34.59417452058383,-92.0221644249104,07:13:22,2024-09-06
548,G61059,43.95240955675747,-90.8561804454988,07:15:26,2024-09-06
549,S1259,29.505201101141203,-98.2809897860445,07:16:38,2024-09-06
550,D1936,38.93490753378397,-96.40283089686346,07:18:29,2024-09-06
551,E01407,40.60570345944323,-99.02381728434082,07:21:35,2024-09-06
552,Y61694,34.92490979790525,-92.50753802221917,07:23:38,2024-09-06
553,D8260,29.34746867269435,-98.16843072663904,07:27:43,2024-09-06
554,D71408,40.58328128086583,-98.80854380361592,07:31:47,2024-09-06
555,O81695,34.44238980375885,-92.37598910316493,07:33:53,2024-09-06
556,X01243,33.3372474270748,-112.84179083242746,07:37:41,2024-09-06
557,P0261,29.470631428679432,-98.27857844944118,07:38:47,2024-09-06
558,E71630,34.80719473466104,-92.27573488984712,07:44:09,2024-09-06
559,I21539,38.96819342119578,-94.45130901611222,07:44:41,2024-09-06
560,F5628,40.76946172256293,-116.34423157099027,07:46:00,2024-09-06
561,Y01060,44.09036768387769,-91.39066278393406,07:48:08,2024-09-06
562,D3262,29.409366512167622,-98.27901734639046,07:49:52,2024-09-06
563,S61409,40.70047216344955,-97.8699603184802,07:52:11,2024-09-06
564,X3937,38.874720335943344,-96.72480610945904,07:52:56,2024-09-06
565,D31540,39.29649058876051,-94.8549894510474,07:54:52,2024-09-06
566,F3629,40.698993430102334,-116.08381612248728,07:56:33,2024-09-06
567,P71244,33.48357591352676,-113.43368817298236,07:57:50,2024-09-06
568,I51631,34.607507576061096,-92.78295572483351,08:04:40,2024-09-06
569,T61541,39.33114089240653,-94.59947672749476,08:05:03,2024-09-06
570,S51061,44.16922247051096,-91.83664005450368,08:09:56,2024-09-06
571,N6263,29.661936767519627,-97.8600738121575,08:12:00,2024-09-06
572,D51632,34.43507653284807,-93.07176842948752,08:14:55,2024-09-06
573,I31245,33.80648929507294,-114.19538439028294,08:17:58,2024-09-06
574,J21062,43.751132087954666,-92.1598613685316,08:20:50,2024-09-06
575,O61410,40.99705234143497,-97.030312916852,08:22:47,2024-09-06
576,R9264,29.560349393561825,-97.5490463810399,08:23:05,2024-09-06
577,A11633,33.909020263705365,-93.30680589500425,08:25:11,2024-09-06
578,C6938,38.785675268890174,-97.87223200210332,08:27:22,2024-09-06
579,I71246,33.816061362616786,-114.366748511963,08:28:02,2024-09-06
580,K3265,29.50455464938756,-97.22237316010624,08:34:09,2024-09-06
581,P31634,33.725499921422006,-93.2909415916376,08:35:26,2024-09-06
582,B5939,38.805228068790655,-97.9066987250294,08:38:51,2024-09-06
583,H61063,43.46264065854589,-93.00072582849812,08:42:38,2024-09-06
584,W4266,29.46293276839552,-96.81661143196132,08:45:14,2024-09-06
585,F7630,40.82499637022243,-117.566886720335,08:49:22,2024-09-06
586,Y3940,38.85154611786908,-98.24582362217724,08:50:19,2024-09-06
587,H41064,43.50548872375138,-93.07555470626804,08:53:33,2024-09-06
588,W9267,29.830790562591982,-96.37808075861788,08:56:18,2024-09-06
589,D0631,40.882044846219934,-117.57564443567864,08:59:56,2024-09-06
590,V41065,43.479533407231095,-93.05127595447748,09:04:27,2024-09-06
591,J51635,33.37434403502024,-94.00330916309392,09:06:13,2024-09-06
592,K3268,29.74148924499611,-96.1002621298688,09:07:22,2024-09-06
593,E5632,40.97858591760236,-117.75901042994722,09:10:30,2024-09-06
594,T4874,39.03719816457059,-98.91057752307132,09:13:17,2024-09-06
595,G41411,40.82106332553301,-96.43237440574931,09:13:47,2024-09-06
596,F61636,33.37771939335264,-94.06357998841456,09:16:28,2024-09-06
597,N01247,33.46682452685457,-115.87738431450197,09:18:23,2024-09-06
598,T6269,29.926626680407868,-95.79898487062653,09:18:27,2024-09-06
599,C1875,38.6894775326858,-99.54335806033664,09:24:46,2024-09-06
600,H31542,40.25502152679693,-95.48803175231646,09:26:34,2024-09-06
601,C91637,33.44351510819713,-94.48216111487169,09:26:44,2024-09-06
602,P0270,29.593508840423283,-95.68155956864688,09:29:31,2024-09-06
603,G2876,39.149222677632885,-99.7000261011564,09:36:14,2024-09-06
604,G51543,40.34357503060692,-95.56081563105258,09:36:46,2024-09-06
605,J71638,33.201200323975684,-94.7234626554336,09:36:59,2024-09-06
606,J1633,40.70843045813283,-118.1647243328325,09:42:11,2024-09-06
607,G81639,32.97668299281161,-94.95163735156795,09:47:15,2024-09-06
608,U2877,39.24901257242395,-99.86886101067212,09:47:43,2024-09-06
609,Z7634,40.27757154704428,-118.15440835575384,09:52:45,2024-09-06
610,K91412,40.678406537635375,-95.8994369916834,09:54:35,2024-09-06
611,Y81248,33.79913016980148,-116.38238314357162,09:58:40,2024-09-06
612,B21066,43.78634558727863,-94.62637749306066,09:58:57,2024-09-06
613,J4271,29.77430645966343,-95.4840064374102,10:02:44,2024-09-06
614,G8635,40.23429970132278,-118.5272457920302,10:03:19,2024-09-06
615,Y91067,43.5010103632869,-95.0368360720766,10:09:51,2024-09-06
616,A4878,39.09264943728389,-101.09376076658836,10:10:41,2024-09-06
617,Z9272,29.55016216963406,-95.39203467517328,10:13:49,2024-09-06
618,S5636,39.987117676876096,-118.67112876932669,10:13:52,2024-09-06
619,X91544,40.46859868814908,-96.24546044229623,10:17:31,2024-09-06
620,O71068,43.493242590391056,-95.55804361108834,10:20:45,2024-09-06
621,Y0879,39.20423508855163,-101.07440926214608,10:22:09,2024-09-06
622,F4637,39.82572147909643,-118.78205883726449,10:24:26,2024-09-06
623,N6273,29.594652497608564,-95.25588569910266,10:24:53,2024-09-06
624,K11413,40.0620001580021,-95.5221941129548,10:25:11,2024-09-06
625,Q51249,34.09094400003666,-117.08578646947684,10:28:52,2024-09-06
626,U4880,39.2671363930256,-101.48260276634235,10:33:38,2024-09-06
627,P31250,33.84079385755839,-116.89969863267564,10:38:56,2024-09-06
628,G01414,40.22434092317443,-95.44914326185206,10:45:35,2024-09-06
629,F01415,40.204781133329945,-94.84265888571092,10:55:47,2024-09-06
630,A9638,39.50129779006079,-118.8523701773625,10:56:08,2024-09-06
631,K7881,39.33356083608405,-102.26397831288452,10:56:36,2024-09-06
632,P21416,39.8202290390688,-94.88870650453376,11:05:59,2024-09-06
633,F0639,39.80345760229494,-119.41733068197112,11:06:41,2024-09-06
634,K4882,39.39824177705712,-102.29195767541609,11:08:04,2024-09-06
635,P4640,39.47995785290514,-119.21637200021937,11:17:15,2024-09-06
636,J01251,33.88087711264578,-117.08130109629803,11:19:13,2024-09-06
637,B7883,39.43140671967824,-102.87021574630975,11:19:33,2024-09-06
638,A31069,43.82763150345285,-97.94329008791412,11:26:10,2024-09-06
639,C81417,39.87367557280401,-95.0030806777534,11:26:23,2024-09-06
640,Z6641,39.43909112406338,-119.51961560140224,11:27:49,2024-09-06
641,S2884,39.48778449259644,-103.51166047401811,11:31:02,2024-09-06
642,E21070,43.61305631349688,-98.55885346171183,11:37:04,2024-09-06
643,E2642,39.71223663471468,-119.321017471251,11:38:23,2024-09-06
644,R81640,32.587363319646315,-96.92010188491795,11:40:06,2024-09-06
645,W31418,39.27609599576271,-94.59567167974988,11:46:47,2024-09-06
646,L2643,39.82924153248318,-119.6806669697325,11:48:57,2024-09-06
647,T21641,32.58996483172051,-96.62568207052132,11:50:21,2024-09-06
648,C51419,39.27168732269296,-94.5289049557062,11:56:59,2024-09-06
649,W21252,34.35566298821931,-117.7945466802412,11:59:29,2024-09-06
650,Q41642,32.66474261777981,-96.93480837624544,12:00:37,2024-09-06
651,S8885,39.62151018235102,-103.84860870436188,12:05:28,2024-09-06
652,V91253,34.36310612808892,-117.9344452199658,12:09:34,2024-09-06
653,H01545,41.01611070561223,-97.52204063276967,12:09:36,2024-09-06
654,E81071,43.578156562255344,-99.08560538858472,12:09:47,2024-09-06
655,J2644,39.3845177200084,-119.41189601663882,12:10:04,2024-09-06
656,I81643,32.434651521553484,-96.87805528356444,12:10:52,2024-09-06
657,A41546,40.6894847900122,-98.0330542169757,12:19:47,2024-09-06
658,O2645,39.72302350204672,-119.3646650384917,12:20:38,2024-09-06
659,B11072,43.93607174252311,-99.67393364604251,12:31:35,2024-09-06
660,F4646,39.6045057734026,-119.83186886821974,12:41:45,2024-09-06
661,J61073,43.74574943800597,-99.62196773271052,12:42:29,2024-09-06
662,D71254,34.35115401497348,-118.20941289152113,12:49:50,2024-09-06
663,A21547,40.88352186506533,-98.4617687272346,12:50:21,2024-09-06
664,W61644,32.30471151940725,-96.9655677788115,12:51:54,2024-09-06
665,Y01074,44.05693050960781,-100.22511569494722,12:53:23,2024-09-06
666,V31548,40.85277018327336,-99.03394677556122,13:00:33,2024-09-06
667,L8886,39.51298406570624,-104.89422566997231,13:02:52,2024-09-06
668,P11420,39.1204810166115,-93.69081429022307,13:08:23,2024-09-06
669,G31255,34.22812141818425,-118.08603708146276,13:09:59,2024-09-06
670,U91645,31.81034845308344,-97.1090211512648,13:12:25,2024-09-06
671,W0887,39.84181657154672,-104.71914797269662,13:14:21,2024-09-06
672,U21646,31.68151745928544,-96.89352701209728,13:22:41,2024-09-06
673,E3888,39.59600969714672,-104.76508651251235,13:25:50,2024-09-06
674,L41647,31.827610496652163,-97.33129987554764,13:32:56,2024-09-06
675,G1647,39.43011061829758,-119.94743262915618,13:34:34,2024-09-06
676,I31075,43.8280392751832,-101.68551347660038,13:36:59,2024-09-06
677,P3889,39.80044639293023,-104.82815427508837,13:37:18,2024-09-06
678,F91421,39.18343310519429,-93.46399532267752,13:38:59,2024-09-06
679,A1648,39.35251066956718,-120.20612053330156,13:45:08,2024-09-06
680,Z11076,43.80857854881589,-102.42614099566396,13:47:54,2024-09-06
681,D21549,41.078762023466,-100.1669775752102,13:51:30,2024-09-06
682,T11648,31.41150160175712,-97.4424444878064,13:53:27,2024-09-06
683,E11077,43.82354841623455,-102.48348895782183,13:58:48,2024-09-06
684,X01350,39.06921600913386,-93.20826686572973,13:59:23,2024-09-06
685,H71550,41.00757602212834,-100.53235690152854,14:01:41,2024-09-06
686,P61649,31.07423238902427,-97.3753524315098,14:03:43,2024-09-06
687,S21256,34.454678795901984,-118.584027432076,14:10:24,2024-09-06
688,M01551,40.87117339723024,-100.72221766165784,14:11:52,2024-09-06
689,J21650,30.949169328094417,-97.14582528641849,14:13:58,2024-09-06
690,T0649,39.37438489552108,-120.17879948446244,14:16:49,2024-09-06
691,U41552,41.34642746410303,-100.72036280813975,14:22:04,2024-09-06
692,T11651,30.83613772509427,-97.22591550351146,14:24:14,2024-09-06
693,R2650,39.31841780714393,-120.09370601214164,14:37:57,2024-09-06
694,B71351,39.02441381953481,-92.11105389298538,14:40:11,2024-09-06
695,V11078,44.40943930790719,-103.27922332191154,14:42:24,2024-09-06
696,M01553,40.951234130577966,-101.26458590929236,14:42:26,2024-09-06
697,P91652,30.742997977654177,-97.82163248298316,14:44:45,2024-09-06
698,F9651,39.43608838833652,-120.37856973122037,14:48:31,2024-09-06
699,Q51079,44.66479598017934,-103.80573823217586,14:53:18,2024-09-06
700,G4652,39.17681357308117,-120.1451518098513,14:59:05,2024-09-06
701,Q0653,39.51775948078318,-120.41274247944784,15:09:38,2024-09-06
702,V11554,40.89357133114655,-101.90244497284,15:13:00,2024-09-06
703,S21000,44.78878566729395,-103.92538689872006,15:15:06,2024-09-06
704,Q51653,30.33018346189485,-97.79110650920796,15:15:32,2024-09-06
705,E0654,39.47382479897663,-120.318479264727,15:20:12,2024-09-06
706,X01352,39.0758154232216,-91.2429571150878,15:20:59,2024-09-06
707,I21001,44.47968003517891,-103.81450492257632,15:26:01,2024-09-06
708,Y5655,39.44525618949862,-120.10767709583408,15:30:46,2024-09-06
709,Y71257,35.272490403233334,-119.2829243716683,15:30:57,2024-09-06
710,Q11002,44.803447980392086,-104.33514739843046,15:36:55,2024-09-06
711,G6656,39.08875379628561,-120.4440650663543,15:41:20,2024-09-06
712,Y7657,39.29510434646719,-120.39164545711998,15:51:53,2024-09-06
713,L21555,40.95014898763907,-102.98003011595084,15:53:46,2024-09-06
714,Y21258,36.23466678709234,-120.38599678626436,16:01:09,2024-09-06
715,F4658,39.36108321216564,-120.72406938010732,16:02:27,2024-09-06
716,A31259,36.7598393731118,-120.63142528090737,16:11:14,2024-09-06
717,K41556,41.34955611811742,-104.06827290487983,16:14:09,2024-09-06
718,B11353,38.94420318854992,-90.78285191848244,16:22:10,2024-09-06
719,F0659,39.35731085484122,-120.57147156813238,16:23:35,2024-09-06
720,Q51260,37.07800889044503,-121.18255724362577,16:31:22,2024-09-06
721,S61003,45.341585412145534,-106.16202929089788,16:31:25,2024-09-06
722,M5660,39.52691482319372,-120.86487841398076,16:34:09,2024-09-06
723,J21004,45.4159452864928,-106.42381664592163,16:42:19,2024-09-06
724,P9661,39.24986949329541,-120.59883166431383,16:44:42,2024-09-06
725,B31557,41.27972184035182,-105.07801903498844,16:54:54,2024-09-06
726,N41005,45.679888568119495,-106.55493254499378,17:04:08,2024-09-06
727,J9662,39.446711866255335,-120.77787697738133,17:05:50,2024-09-06
728,N51354,38.89164729102958,-90.3547731138514,17:13:10,2024-09-06
729,V41006,45.725372236163366,-106.59391497094376,17:15:02,2024-09-06
730,T91558,41.00510954290274,-105.23263069644588,17:15:17,2024-09-06
731,N81559,41.05981916506439,-105.37364394768548,17:25:28,2024-09-06
732,R41007,45.39574901083952,-106.86455004007892,17:25:56,2024-09-06
733,F0663,39.18654938905276,-120.82044314191344,17:26:57,2024-09-06
734,M11008,45.38255273443778,-106.98228938427694,17:36:50,2024-09-06
735,E11560,41.29998510391028,-105.96951943554184,17:45:51,2024-09-06
736,W61355,38.73626166291995,-90.19165846006048,17:53:58,2024-09-06
737,X01561,41.54904026352256,-106.08556576656125,17:56:02,2024-09-06
738,B31356,38.39848670432488,-89.82289165779011,18:04:10,2024-09-06
739,J01261,37.089526841718175,-121.30954148250662,18:12:03,2024-09-06
740,U91357,38.60716274413247,-89.62282244633396,18:14:22,2024-09-06
741,J8664,39.11811894392438,-121.07099703312105,18:19:46,2024-09-06
742,X91009,45.757182044047205,-108.52193735292536,18:31:20,2024-09-06
743,U71262,37.37363761226315,-121.90410004782431,18:32:12,2024-09-06
744,T21358,38.59180639777041,-89.7324394455479,18:34:46,2024-09-06
745,L9665,38.74879176557962,-121.5590885274252,18:40:54,2024-09-06
746,W3666,38.42112195097474,-121.35426160836792,18:51:28,2024-09-06
747,C11010,45.66076301764393,-108.7762421997666,18:53:09,2024-09-06
748,N31562,41.77161539478919,-107.3012224054125,18:57:10,2024-09-06
749,J41263,37.28009745057393,-121.6952335128262,19:02:24,2024-09-06
750,P21011,45.8036693087494,-109.29586944404606,19:04:03,2024-09-06
751,L61012,45.64401356351114,-109.53982571425904,19:14:57,2024-09-06
752,M81563,41.58897077481127,-108.36562340590145,19:17:33,2024-09-06
753,B51013,45.87255323203757,-109.87643034622955,19:25:51,2024-09-06
754,P91359,38.2140607389228,-88.979108865729,19:46:10,2024-09-06
755,K91360,38.10853921275177,-88.7163757935145,19:56:22,2024-09-06
756,J71564,41.71225741952558,-109.46045028559004,19:58:18,2024-09-06
757,N11361,37.97421715281745,-88.93021169274813,20:06:34,2024-09-06
758,Y21565,41.624383690069024,-110.21471844282014,20:18:41,2024-09-06
759,C01014,45.50350669956675,-111.04157143477066,20:20:22,2024-09-06
760,B81015,45.784470219705305,-110.96090770420795,20:31:16,2024-09-06
761,S01016,45.72354489648451,-111.2203588043364,20:42:10,2024-09-06
762,H11362,37.27357787320493,-88.78178247725481,20:47:22,2024-09-06
763,N71017,46.06357208558833,-111.54416159482092,20:53:04,2024-09-06
764,I81363,37.45618772320122,-88.98501779507215,20:57:34,2024-09-06
765,X61018,45.69100249122455,-112.12327720528704,21:03:58,2024-09-06
766,F41566,41.46577865237074,-110.85318986688914,21:09:38,2024-09-06
767,H61364,37.14904863385962,-88.66683113785264,21:17:58,2024-09-06
768,U31019,45.835460113234966,-112.42286201184346,21:25:46,2024-09-06
769,K31020,46.13679805228915,-112.74874876659143,21:36:40,2024-09-06
770,S21021,46.03598017730413,-112.62706500241308,21:47:34,2024-09-06
771,E61022,46.46658434524022,-112.6661192460799,21:58:29,2024-09-06
772,T91365,37.080748154118645,-88.58724155560003,21:58:46,2024-09-06
773,V01366,37.01015565041847,-88.35424795613474,22:08:58,2024-09-06
774,O61367,37.19214788716377,-88.32326904101643,22:19:10,2024-09-06
775,Z21567,40.89132633528767,-111.77069685843418,22:20:57,2024-09-06
776,U21368,37.23223663103719,-87.98960018445617,22:29:22,2024-09-06
777,X51023,46.64942353669584,-113.4206532305384,22:31:11,2024-09-06
778,X01369,37.29169337328341,-87.9315379046921,22:39:34,2024-09-06
779,F51370,36.865720814721456,-88.06916669654426,22:49:46,2024-09-06
780,N61568,41.78988063087525,-112.05090441868968,22:51:31,2024-09-06
781,G91024,46.93143693996138,-113.53066796412725,22:52:59,2024-09-06
782,V11025,46.95261185981329,-113.58391974985746,23:03:53,2024-09-06
783,Z01371,36.96362139132879,-87.8627035246432,23:10:10,2024-09-06
784,C31569,41.88397964278953,-112.20789426388214,23:11:54,2024-09-06
785,H01026,46.58674063760812,-113.6246155613542,23:25:41,2024-09-06
786,M91570,41.80389279348819,-112.52050039398688,23:32:17,2024-09-06
787,K21027,46.87084730599823,-113.76554565393484,23:36:36,2024-09-06
788,Z31372,36.3864565512807,-87.51765115415711,23:50:58,2024-09-06
789,X41028,47.14341988302928,-114.33616062049856,23:58:24,2024-09-06
790,Z31373,36.37904679182975,-87.39318310361645,00:01:10,2024-09-07
791,S41571,42.35475934578695,-112.82007018389083,00:02:51,2024-09-07
792,Y41029,47.241224354441,-114.41029742858215,00:09:18,2024-09-07
793,Z11374,36.62145005903114,-87.15929030563854,00:11:22,2024-09-07
794,R11572,42.36546861959711,-113.21843975276327,00:13:02,2024-09-07
795,N61030,46.93231253625245,-114.89540786033362,00:20:12,2024-09-07
796,U51031,47.17870280108566,-115.27287023285984,00:42:00,2024-09-07
797,V11032,47.44897555372107,-115.28920857766258,00:52:54,2024-09-07
798,N31033,47.438220461447536,-115.0912819650498,01:03:48,2024-09-07
799,N11375,36.17665896378422,-86.68434614331834,01:12:34,2024-09-07
800,U81573,42.84401903743157,-114.19528384259829,01:14:10,2024-09-07
801,K21034,47.18029989825954,-115.29446782601582,01:14:43,2024-09-07
802,W21376,35.58568811168258,-86.09653720994348,01:22:46,2024-09-07
803,K11574,42.73230350591483,-114.55612032995978,01:24:22,2024-09-07
804,N71035,47.583174196084194,-115.5574684499606,01:25:37,2024-09-07
805,N41575,42.78412249987618,-114.82340934276722,01:34:33,2024-09-07
806,W01036,47.22954323149,-115.5729285109983,01:36:31,2024-09-07
807,J71377,35.41289995180624,-86.10624469834083,01:43:10,2024-09-07
808,T71037,47.64479107024518,-115.4471894743488,01:47:25,2024-09-07
809,V01576,43.151599719554405,-115.0107126766966,01:54:56,2024-09-07
810,V01038,47.52211781326775,-115.71186945075192,02:09:13,2024-09-07
811,N11378,35.087350633217355,-85.53716853645044,02:13:46,2024-09-07
812,M21577,42.783967443390175,-115.48623322679435,02:25:30,2024-09-07
813,U81379,34.87152783171428,-85.65170167476842,02:34:10,2024-09-07
814,I71039,47.688193041897605,-115.6638215584129,02:41:55,2024-09-07
815,S61380,35.06627481460503,-85.48913462679778,02:44:22,2024-09-07
816,Q01040,47.5959552464093,-115.71746123024892,03:14:38,2024-09-07
817,I31041,47.263195177590326,-115.98668849358458,03:25:32,2024-09-07
818,P21381,35.10766462986687,-85.01230315079033,03:35:22,2024-09-07
819,U71578,43.53337560809726,-116.49092864614116,03:36:49,2024-09-07
820,G81382,34.69681362321952,-85.0563770616784,03:55:46,2024-09-07
821,Y71383,34.4560456231312,-84.7930535373711,04:05:58,2024-09-07
822,V21579,43.87821291241116,-116.85682215455498,04:07:24,2024-09-07
823,M31042,47.70442661729735,-116.7233111428737,04:20:02,2024-09-07
824,C71384,34.15963400357536,-84.96322217496544,04:36:34,2024-09-07
825,H11043,47.4136059677824,-116.73914162220642,04:41:51,2024-09-07
826,M61385,34.00622204881472,-84.83199628651798,04:46:46,2024-09-07
827,T81044,47.58565783999191,-116.55602031553056,05:03:39,2024-09-07
828,Z31580,44.656557223509566,-117.292060122351,05:08:32,2024-09-07
829,M31386,34.29181350950173,-84.66352103694852,05:17:22,2024-09-07
830,Z61500,44.8736979250601,-117.73882660456474,05:18:43,2024-09-07
831,Z81501,44.955982605592204,-117.98621735611748,05:28:54,2024-09-07
832,U91045,47.83426801241743,-117.16131720017378,05:36:21,2024-09-07
833,L91046,47.72511735075978,-117.120474910431,05:47:15,2024-09-07
834,C81502,45.26790398957059,-118.10983863300044,05:49:17,2024-09-07
835,T41503,45.47215573736238,-117.9541292949304,06:09:40,2024-09-07
836,H61047,47.33465861536162,-117.974235899307,06:19:58,2024-09-07
837,T01048,46.94289382201451,-118.5215520186562,06:30:52,2024-09-07
838,S31504,45.47606193613974,-118.55153783988004,06:50:25,2024-09-07
839,Y21049,47.06316971501269,-119.4244652762258,06:52:40,2024-09-07
840,H51505,45.71209914211028,-118.49181340930896,07:00:37,2024-09-07
841,S81050,47.000680164695694,-119.88080062828732,07:03:34,2024-09-07
842,U81506,45.49567726818808,-118.75787866949548,07:31:11,2024-09-07
843,K01507,45.73436555137581,-120.06314223008468,08:11:56,2024-09-07
844,O61508,45.73238271042429,-121.4141808646035,09:02:53,2024-09-07
845,Y01509,45.56035179631006,-121.49751883361446,09:13:04,2024-09-07
846,Y51051,47.45211484040152,-121.64441604285116,09:47:06,2024-09-07
847,F31510,45.513573368871576,-121.81357761875276,10:04:01,2024-09-07
848,K71511,45.6164790912842,-122.01954745207742,10:14:12,2024-09-07
849,A91512,45.46492928240821,-121.88476810690918,10:24:24,2024-09-07
850,P11513,45.6565526905675,-122.56273994798724,11:45:55,2024-09-07
