Pallet_ID,timestamp,latitude,longitude,matched_route,distance_to_route,is_deviating,pred_timestamp,pred_lat,pred_lon
Y0623,2024-09-05 08:00:00.000000,41.79556684766413,-87.57533150153446,0_Chicago_Charlotte,2979.9665229599473,False,,,
S21000,2024-09-05 08:10:54.110160,40.58461810575839,-73.84556974745745,0_New York City_Seattle,20041.237669468846,False,,,
A8624,2024-09-05 08:21:07.557000,41.99686450043024,-87.82919858777267,0_New York City_Seattle,984.8569440563803,False,,,
I21001,2024-09-05 08:32:42.330480,40.57657359927767,-74.30772215001194,0_New York City_Seattle,27965.611947081758,False,,,
Q11002,2024-09-05 08:43:36.440640,40.55157977165135,-74.20695895182243,0_New York City_Seattle,23529.804411546123,False,,,
X01350,2024-09-05 08:45:00.000000,45.38862432914896,-122.73777247727833,0_Portland_Atlanta,13902.119952390418,False,,,
S61003,2024-09-05 08:54:30.550800,40.97174858715924,-73.88645060445533,0_New York City_Seattle,24550.056783317254,False,,,
H7625,2024-09-05 09:03:22.671000,41.70198368612916,-88.17350974959308,1_Chicago_Seattle,9971.768166431413,False,,,
B71351,2024-09-05 09:05:23.989200,45.60312080439966,-122.439859137481,0_Portland_Atlanta,5921.641366475648,False,,,
G8626,2024-09-05 09:13:56.449500,42.04326552943191,-88.18622045306853,0_Chicago_Seattle,963.1158792680075,False,,,
J21004,2024-09-05 09:16:18.771120,40.856319366473805,-73.97172772593217,0_New York City_Seattle,10576.570316520752,False,,,
E71630,2024-09-05 09:20:15.523080,39.96931564025557,-75.35145455762054,1_Austin_Philadelphia,9564.995659971186,False,,,
G4250,2024-09-05 09:30:00.000000,32.59424500812282,-117.01248429702324,0_Austin_San Diego,14652.479420919355,False,,,
X01352,2024-09-05 09:35:59.973000,45.35023811081726,-122.26188475720194,0_Portland_Atlanta,18393.189990145434,False,,,
J2251,2024-09-05 09:41:04.397485,32.49520714428325,-117.36565934330255,1_Austin_San Diego,31485.196517853743,False,,,
D0627,2024-09-05 09:45:37.785000,41.69283771894571,-89.2086395124637,1_Chicago_Seattle,16095.569967626838,False,,,
B11353,2024-09-05 09:46:11.967600,45.60385060942379,-122.119757725162,0_Portland_Atlanta,2171.6054539113393,False,,,
N41005,2024-09-05 09:49:01.101600,40.76201880043581,-74.1994313263154,0_New York City_Seattle,9022.118810958218,False,,,
I51631,2024-09-05 09:51:02.092320,39.68998387265307,-75.18844637037874,0_Austin_Philadelphia,19913.469540822585,False,,,
U4252,2024-09-05 09:52:08.794970,32.83948706005462,-117.0337447878306,0_Austin_San Diego,7982.283342360303,False,,,
F5628,2024-09-05 09:56:11.563500,41.72786307706359,-89.71743842746082,1_Chicago_Seattle,2396.968419544439,False,,,
V41006,2024-09-05 09:59:55.211760,40.7555605541172,-74.2759654781678,0_New York City_Seattle,11632.135595961434,False,,,
R3777,2024-09-05 10:05:11.721000,47.4752887457012,-122.31603099401036,0_New York City_Seattle,10815.883115323604,False,,,
N51354,2024-09-05 10:06:35.956800,45.46579739440404,-121.83335623466544,0_Portland_Atlanta,18996.781910315734,False,,,
D51632,2024-09-05 10:11:33.138480,40.04014447059614,-75.20938068166582,1_Austin_Philadelphia,2893.6830329500717,False,,,
T7253,2024-09-05 10:14:17.589940,32.96297334830334,-117.17868551505752,1_Austin_San Diego,7354.808564747962,False,,,
Z8778,2024-09-05 10:15:17.581500,47.44815403630274,-122.36435185987187,0_New York City_Seattle,14281.650891284922,False,,,
W61355,2024-09-05 10:16:47.951400,45.843935472223215,-121.73368447289106,0_Portland_Atlanta,14193.677751451582,False,,,
F3629,2024-09-05 10:17:19.120500,41.49349214981474,-90.21253856138188,1_New York City_Seattle,5659.8057384563535,False,,,
R41007,2024-09-05 10:21:43.432080,40.761323168692265,-74.44873138661396,0_New York City_Seattle,10981.516907402309,False,,,
A11633,2024-09-05 10:21:48.661560,40.05541873306085,-75.25754140705918,1_Austin_Philadelphia,1414.7399079789861,False,,,
Z5254,2024-09-05 10:25:21.987425,32.85159765962392,-116.89635549395562,0_Austin_San Diego,1818.1218082892058,False,,,
G2779,2024-09-05 10:25:23.442000,47.78691346317122,-122.14092160146342,0_Chicago_Seattle,19290.778821511612,False,,,
B31356,2024-09-05 10:26:59.946000,45.63828173315992,-121.83664192587884,0_Portland_Atlanta,4241.725825305478,False,,,
F7630,2024-09-05 10:27:52.899000,41.51364057583449,-90.21762539780356,1_Chicago_Seattle,6820.495212325994,False,,,
P31634,2024-09-05 10:32:04.184640,39.86015198861409,-75.426241596585,0_Austin_Philadelphia,2483.293581346132,False,,,
Y0780,2024-09-05 10:35:29.302500,47.487832732607714,-121.79544196093477,1_New York City_Seattle,124.81194241630922,False,,,
B9255,2024-09-05 10:36:26.384910,32.62518201861376,-116.55897903321883,0_Austin_San Diego,13226.04460531912,False,,,
D0631,2024-09-05 10:38:26.677500,41.70447470793824,-90.303090710391,1_Portland_Atlanta,12888.643981253343,False,,,
U4781,2024-09-05 10:45:35.163000,47.48376252678117,-121.87154489631192,1_New York City_Seattle,2294.9694636563445,False,,,
N8256,2024-09-05 10:47:30.782395,32.7758704921975,-116.5351438862216,0_Austin_San Diego,3761.2714970397624,False,,,
J51635,2024-09-05 10:52:35.230800,39.61828159430279,-75.56957790167569,0_Austin_Philadelphia,8473.559073992179,False,,,
I7257,2024-09-05 10:58:35.179880,32.944095930730946,-116.38848908131338,0_Austin_San Diego,18416.877987202657,False,,,
E5632,2024-09-05 10:59:34.234500,41.37068456535293,-90.14467823416174,1_New York City_Seattle,5143.353933393801,False,,,
M11008,2024-09-05 11:05:19.872720,40.92279423638525,-74.9501489757191,0_New York City_Seattle,636.4919549641946,False,,,
U91357,2024-09-05 11:07:47.924400,45.88613646718981,-121.54734348699552,0_Portland_Atlanta,16864.586583182856,False,,,
Z5258,2024-09-05 11:09:39.577365,32.815968583242146,-116.66960989186852,0_Austin_San Diego,2110.833007586527,False,,,
J1633,2024-09-05 11:10:08.013000,41.43467183988414,-90.40836176305233,1_New York City_Seattle,2685.8328598794487,False,,,
T21358,2024-09-05 11:17:59.919000,45.58212294969667,-121.12748585082434,0_Portland_Atlanta,3484.864914855961,False,,,
Z7634,2024-09-05 11:20:41.791500,41.845797208309286,-90.74364448474356,1_Portland_Atlanta,14657.44362776413,False,,,
F61636,2024-09-05 11:23:21.800040,39.82698188835775,-75.92433167803105,0_Austin_Philadelphia,17869.544224668578,False,,,
M7782,2024-09-05 11:25:58.605000,47.38684160817037,-121.68721702635958,1_New York City_Seattle,5340.151329657449,False,,,
S1259,2024-09-05 11:31:48.372335,32.8193539664633,-116.65426850852351,0_Austin_San Diego,1465.6066441955281,False,,,
I2783,2024-09-05 11:36:04.465500,47.64335167997744,-121.35517203345525,0_New York City_Seattle,22217.534829615153,False,,,
X91009,2024-09-05 11:38:02.203200,40.81086359573419,-75.05129752595693,0_New York City_Seattle,11478.605688735768,False,,,
G8635,2024-09-05 11:41:49.348500,41.61575582582717,-91.42630342416808,1_Chicago_Seattle,5170.046211439074,False,,,
D8260,2024-09-05 11:42:52.769820,32.73836010691995,-116.08893328336347,0_Austin_San Diego,3552.6680191825985,False,,,
C91637,2024-09-05 11:43:52.846200,39.22551483832284,-76.3677239579043,0_Austin_Philadelphia,17590.320929958412,False,,,
B3784,2024-09-05 11:46:10.326000,47.37990667646216,-121.26667126179548,0_Chicago_Seattle,7515.0341497625195,False,,,
C11010,2024-09-05 11:48:56.313360,40.912126848479545,-74.9200469662212,0_New York City_Seattle,1645.480079334348,False,,,
S5636,2024-09-05 11:52:23.127000,41.52714575061842,-91.3008280662023,1_New York City_Seattle,13114.33391828196,False,,,
P0261,2024-09-05 11:53:57.167305,32.56591239244929,-116.24571768975264,0_Austin_San Diego,9767.225303020055,False,,,
P91359,2024-09-05 11:58:47.897400,45.71797783380551,-120.84171039794056,0_Portland_Atlanta,5158.713628173991,False,,,
F4637,2024-09-05 12:02:56.905500,41.897861355514216,-91.46135529337114,1_New York City_Seattle,20728.204261595372,False,,,
J71638,2024-09-05 12:14:39.415440,39.61071982093552,-76.3393093389151,0_Austin_Philadelphia,14679.057187969853,False,,,
L0785,2024-09-05 12:16:27.907500,47.19041723712755,-121.10097643583744,0_New York City_Seattle,1696.5474682400002,False,,,
K91360,2024-09-05 12:19:11.886600,45.59777034293965,-119.7698565825081,0_Portland_Atlanta,21177.867462280545,False,,,
A9638,2024-09-05 12:24:04.462500,41.68284008574079,-91.88166616926438,1_Chicago_Seattle,479.7776381322301,False,,,
F0639,2024-09-05 12:34:38.241000,41.76417249825804,-92.02163982111688,1_New York City_Seattle,7325.44929612972,False,,,
R1786,2024-09-05 12:36:39.628500,47.37538104065619,-120.98441687939116,1_New York City_Seattle,16102.260454489853,False,,,
D3262,2024-09-05 12:38:14.757245,32.98471070113639,-116.02098144254396,0_Austin_San Diego,25594.688267197333,False,,,
W2787,2024-09-05 12:46:45.489000,46.878056627827895,-120.8218838805453,1_New York City_Seattle,20995.53441114981,False,,,
N6263,2024-09-05 12:49:19.154730,32.61773681290178,-115.4030125423952,0_Austin_San Diego,15033.098115268456,False,,,
P21011,2024-09-05 12:54:20.974320,41.26860852274011,-75.70087175900603,0_New York City_Seattle,19470.72757112654,False,,,
G81639,2024-09-05 12:55:41.507760,39.25457611784772,-76.67792464960493,0_Austin_Philadelphia,3128.986225889657,False,,,
P4640,2024-09-05 12:55:45.798000,41.7155464626518,-92.40343422365932,1_Chicago_Seattle,1882.9754952920418,False,,,
C71205,2024-09-05 13:00:00.000000,30.43053100663389,-97.64475234543067,0_Austin_Philadelphia,2777.3007234512525,False,,,
R9264,2024-09-05 13:00:23.552215,32.65566869793782,-114.66277659599672,0_Austin_San Diego,7507.447276755317,False,,,
Z6641,2024-09-05 13:06:19.576500,41.62379995967096,-92.9158630016072,1_Chicago_Seattle,5607.1958715285555,False,,,
K2788,2024-09-05 13:06:57.210000,46.90100108373641,-120.68933565877416,1_New York City_Seattle,12692.746613620613,False,,,
T4874,2024-09-05 13:07:57.520560,33.89372294635129,-84.34184367184636,1_Portland_Atlanta,10151.00259261865,False,,,
S81206,2024-09-05 13:10:04.160535,30.44877832992828,-97.96352954998538,1_Austin_Los Angeles,17151.917029334654,False,,,
N11361,2024-09-05 13:10:11.859600,45.736795356433085,-118.40646537657196,1_New York City_Seattle,15054.746435985393,False,,,
R81640,2024-09-05 13:16:12.553920,39.33634271207285,-76.82511848632603,0_Austin_Philadelphia,15090.125237796081,False,,,
H11362,2024-09-05 13:20:23.854200,45.75099457767805,-118.34690324771935,1_New York City_Seattle,19205.99995716896,False,,,
K3265,2024-09-05 13:22:32.347185,32.77455808017762,-114.42008418706916,0_Austin_San Diego,10276.821532123973,False,,,
P11207,2024-09-05 13:30:12.481605,30.310081446224384,-98.03367627942816,0_Austin_Los Angeles,11855.34263864771,False,,,
I81363,2024-09-05 13:30:35.848800,45.524581882178005,-118.31518073314592,1_Chicago_Seattle,8978.167632003313,False,,,
C1875,2024-09-05 13:30:55.041120,33.9725034920024,-84.4675706156419,1_Portland_Atlanta,5031.407911857308,False,,,
W4266,2024-09-05 13:33:36.744670,32.866361917473675,-114.40902467192626,0_Austin_San Diego,19695.015031108425,False,,,
E2642,2024-09-05 13:38:00.912000,41.79450835039556,-93.5839670960163,1_New York City_Seattle,13805.71812543699,False,,,
O01208,2024-09-05 13:40:16.642140,30.25523796771336,-98.04938926158644,0_Austin_Los Angeles,6204.7810784286075,False,,,
H61364,2024-09-05 13:40:47.843400,45.2163029562065,-118.45019342390016,1_Chicago_Seattle,20558.732255751427,False,,,
G2876,2024-09-05 13:42:23.801400,33.9940968911347,-84.67836741984483,0_Portland_Atlanta,8399.631474920878,False,,,
W9267,2024-09-05 13:44:41.142155,32.80145888831676,-114.33871385999872,0_Austin_San Diego,13431.48683367245,False,,,
T21641,2024-09-05 13:46:59.123160,39.54272523132946,-77.244480264184,"1_Chicago_Washington, D.C.",24071.195651535498,False,,,
C6789,2024-09-05 13:47:20.652000,46.57010216642436,-120.39814813728704,1_Chicago_Seattle,5590.408178852306,False,,,
L2643,2024-09-05 13:48:34.690500,41.82991223660222,-93.66405721757629,1_Chicago_Seattle,17470.046275857574,False,,,
T91365,2024-09-05 13:50:59.838000,45.57439951055246,-118.24048813988443,1_Chicago_Seattle,17387.74644670175,False,,,
U2877,2024-09-05 13:53:52.561680,33.94205328008762,-84.71211714571785,1_Portland_Atlanta,14538.415869195289,False,,,
K3268,2024-09-05 13:55:45.539640,32.6567788755472,-114.36396760811893,0_Austin_San Diego,1403.289556878628,False,,,
Q41642,2024-09-05 13:57:14.646240,39.28977417145402,-77.41143363945855,"0_Chicago_Washington, D.C.",5388.456270244697,False,,,
Q8790,2024-09-05 13:57:26.512500,46.5717719316262,-120.22082873734372,1_New York City_Seattle,15769.418823050326,False,,,
L61012,2024-09-05 13:59:45.635280,40.803410398818855,-76.79088683021389,0_New York City_Seattle,20510.784664745013,False,,,
Z61500,2024-09-05 14:05:00.000000,33.94342293475978,-84.3341398639302,1_Portland_Atlanta,13783.281849023777,False,,,
A4878,2024-09-05 14:05:21.321960,34.003888977286444,-84.8567259664909,1_Portland_Atlanta,16684.391153858745,False,,,
T6269,2024-09-05 14:06:49.937125,32.69321258240703,-113.9167312168526,0_Austin_San Diego,497.0416444696127,False,,,
I81643,2024-09-05 14:07:30.169320,39.36836879704142,-77.40764347954061,"1_Chicago_Washington, D.C.",538.886646858788,False,,,
B51013,2024-09-05 14:10:39.745440,41.16594063902932,-77.16871098850248,0_New York City_Seattle,10490.530095803995,False,,,
V01366,2024-09-05 14:11:23.827200,45.50061839039011,-117.83960626953964,0_Portland_Atlanta,26977.171670547596,False,,,
Y0879,2024-09-05 14:16:50.082240,34.488484587940974,-84.78131387917809,0_Portland_Atlanta,14363.268320168603,False,,,
P0270,2024-09-05 14:17:54.334610,32.93397371266398,-113.67675780785768,0_Austin_San Diego,18745.934659663348,False,,,
I51209,2024-09-05 14:20:33.284280,30.077311349253986,-97.9141733971654,0_Austin_Los Angeles,14984.88036905792,False,,,
C01014,2024-09-05 14:21:33.855600,41.08266498752277,-77.28673237029257,0_New York City_Seattle,2393.984739248711,False,,,
P9791,2024-09-05 14:27:44.094000,46.00309569799446,-119.58846714812832,1_New York City_Seattle,2900.9674425958697,False,,,
W61644,2024-09-05 14:28:01.215480,39.50872067220125,-77.99928724194638,"0_Chicago_Washington, D.C.",11775.000242684564,False,,,
U4880,2024-09-05 14:28:18.842520,34.16970733345235,-84.92494133894716,0_Portland_Atlanta,16254.610008764488,False,,,
J4271,2024-09-05 14:28:58.732095,32.847006501461784,-113.39130061687617,0_Austin_San Diego,2681.2988712198016,False,,,
P51210,2024-09-05 14:30:37.444815,29.985146741578003,-98.30392381114476,0_Austin_Los Angeles,21975.483224188865,False,,,
J2644,2024-09-05 14:30:49.804500,41.62884813086972,-94.59130665944066,1_Chicago_Seattle,12958.13222870938,False,,,
B81015,2024-09-05 14:32:27.965760,41.29385943011808,-77.48534397645162,0_New York City_Seattle,24558.69779848474,False,,,
Z9272,2024-09-05 14:40:03.129580,33.14806912663945,-112.84870007037397,0_Austin_San Diego,22558.004798755082,False,,,
S01016,2024-09-05 14:43:22.075920,41.277907992179415,-77.49833750342721,0_New York City_Seattle,23290.262624536346,False,,,
U91645,2024-09-05 14:48:32.261640,38.95158546890507,-77.70425882497375,0_Austin_Philadelphia,12029.234749586592,False,,,
N6273,2024-09-05 14:51:07.527065,33.087025661522766,-112.53244583908642,0_Austin_San Diego,19236.19734072791,False,,,
O2645,2024-09-05 14:51:57.361500,41.50889294189863,-95.24668023264904,1_New York City_Seattle,1007.7535270384149,False,,,
L3792,2024-09-05 14:58:01.675500,45.99900433089806,-119.2340339899921,1_Portland_Atlanta,2597.9515154253004,False,,,
K3274,2024-09-05 15:02:11.924550,32.69031721857052,-112.46972192365313,0_Austin_San Diego,18720.680537365748,False,,,
O61367,2024-09-05 15:02:23.800200,44.43280246420211,-117.32769161451412,1_Chicago_Seattle,385.9991855047155,False,,,
F4646,2024-09-05 15:02:31.140000,41.39913673027979,-95.3464832186487,1_Chicago_Seattle,9651.546427312112,False,,,
U31211,2024-09-05 15:10:54.086955,29.969666349984166,-98.31673479402323,0_Austin_Los Angeles,23631.918352193396,False,,,
U21368,2024-09-05 15:12:35.794800,44.250714356139625,-117.1012926934688,0_Portland_Atlanta,5739.759521723483,False,,,
G1647,2024-09-05 15:13:04.918500,41.51151500097157,-95.162464007252,1_New York City_Seattle,1280.8770778954333,False,,,
X4275,2024-09-05 15:13:16.322035,33.07909767954186,-112.49344834526056,0_Austin_San Diego,19390.839048883394,False,,,
N71017,2024-09-05 15:16:04.406400,41.0912944481129,-77.74071533172001,0_New York City_Seattle,11269.498909318405,False,,,
Z81501,2024-09-05 15:16:19.501800,34.04761592021277,-84.78510192012094,0_Portland_Atlanta,8473.409905258895,False,,,
U21646,2024-09-05 15:19:18.830880,39.07397107969864,-77.91877553141235,0_Austin_Philadelphia,17540.40915395585,False,,,
A1648,2024-09-05 15:23:38.697000,41.665924739720246,-95.57028668930413,1_New York City_Seattle,16344.932715677305,False,,,
K7881,2024-09-05 15:25:42.643920,35.06474285403879,-84.97056281197422,1_Portland_Atlanta,20489.105800755377,False,,,
X61018,2024-09-05 15:26:58.516560,41.06739226691932,-78.21390322624555,0_New York City_Seattle,7889.838130843399,False,,,
V5793,2024-09-05 15:28:19.257000,45.6397735973249,-118.43951977370055,1_New York City_Seattle,5539.773515115321,False,,,
T0649,2024-09-05 15:34:12.475500,41.41291310419516,-95.71100399761129,1_New York City_Seattle,3983.989619762998,False,,,
M6276,2024-09-05 15:35:25.117005,32.677839467997764,-111.62196145049998,0_Austin_San Diego,8864.580922940635,False,,,
K4882,2024-09-05 15:37:11.404200,34.861794062464895,-85.23200705661175,0_Portland_Atlanta,10306.64052499125,False,,,
U31019,2024-09-05 15:37:52.626720,41.02883179337389,-78.45490348654225,0_New York City_Seattle,2940.338988453196,False,,,
L41647,2024-09-05 15:39:49.877040,38.87457806630128,-78.2283738030452,0_Austin_Philadelphia,9027.055976654901,False,,,
R81212,2024-09-05 15:41:06.568560,30.23180297066082,-98.27596775244258,1_Austin_San Diego,3708.0494556397834,False,,,
R2650,2024-09-05 15:44:46.254000,41.24413532551048,-95.88623081044264,1_Chicago_Seattle,962.7828517951341,False,,,
S9277,2024-09-05 15:46:29.514490,32.78010903238598,-111.31614018854324,0_Austin_Los Angeles,15689.141248384049,False,,,
C81502,2024-09-05 15:46:53.574000,34.250620468339854,-84.68126517152967,1_Portland_Atlanta,7732.046793120472,False,,,
P3794,2024-09-05 15:48:30.978000,45.68055560146093,-118.34104744687644,1_New York City_Seattle,15096.997573818868,False,,,
T11648,2024-09-05 15:50:05.400120,39.11630422891665,-78.41233101743725,0_Austin_Philadelphia,13518.748245543382,False,,,
R31213,2024-09-05 15:51:10.729095,30.04501132795912,-98.32183601970743,0_Austin_Los Angeles,15823.771184504176,False,,,
F9651,2024-09-05 15:55:20.032500,41.47604138442399,-95.87186774579403,1_Chicago_Seattle,18949.468900227566,False,,,
P1278,2024-09-05 15:57:33.911975,32.86721859919072,-111.41674247959078,1_Austin_San Diego,17785.164100467282,False,,,
K31020,2024-09-05 15:59:40.847040,40.874286139256576,-78.66358717800665,0_New York City_Seattle,23045.364970299353,False,,,
B7883,2024-09-05 16:00:08.924760,34.997870919467104,-85.52405358528578,0_Portland_Atlanta,756.0241338154766,False,,,
P61649,2024-09-05 16:00:20.923200,38.76808830556087,-78.4410465661294,0_Austin_Philadelphia,13420.590556780982,False,,,
G4652,2024-09-05 16:05:53.811000,41.18156394676708,-96.07293759766368,1_Chicago_Seattle,2605.5478119994355,False,,,
J21650,2024-09-05 16:10:36.446280,39.04011488862043,-78.3602085542216,0_Austin_Philadelphia,4790.05295537759,False,,,
S2884,2024-09-05 16:11:37.685040,35.03253156171413,-85.35864610192105,1_Portland_Atlanta,397.77795754451336,False,,,
Q0653,2024-09-05 16:16:27.589500,41.34720923346252,-95.89438886251988,1_Chicago_Seattle,11022.607207477346,False,,,
S51214,2024-09-05 16:21:23.210700,30.400006663440628,-98.74488438506584,1_Austin_San Diego,18141.147140432815,False,,,
S21021,2024-09-05 16:21:29.067360,41.013358979543554,-78.90606264087248,0_New York City_Seattle,13402.859234667041,False,,,
S8885,2024-09-05 16:23:06.445320,34.93539697361214,-85.61004120386679,0_Portland_Atlanta,8751.54901851682,False,,,
X01369,2024-09-05 16:23:59.757000,43.73896592346799,-116.71237714151069,0_Portland_Atlanta,103.94868251466029,False,,,
O9279,2024-09-05 16:30:47.104430,32.186977383867024,-110.81548647482956,1_Austin_San Diego,8435.054948630846,False,,,
T11651,2024-09-05 16:31:07.492440,38.62562531518872,-78.46161885046759,0_Austin_Philadelphia,21204.85304889572,False,,,
E0654,2024-09-05 16:37:35.146500,41.03060025926323,-96.1638292172306,1_New York City_Seattle,8445.00659756954,False,,,
P91652,2024-09-05 16:41:23.015520,38.425422006748754,-78.81493850489183,0_Austin_Philadelphia,3342.9560780963825,False,,,
I4280,2024-09-05 16:41:51.501915,32.161924983239246,-110.9191210651695,1_Austin_San Diego,108.95261674985328,False,,,
E61022,2024-09-05 16:43:17.287680,41.408662080806806,-78.99031048234204,0_New York City_Seattle,23578.383532711912,False,,,
F51370,2024-09-05 16:44:23.746200,43.48153884375338,-116.51843152042136,1_Chicago_Seattle,12217.356342172494,False,,,
T41503,2024-09-05 16:48:01.718400,34.831677432035555,-85.19445524381368,0_Portland_Atlanta,9976.71379683982,False,,,
Y51215,2024-09-05 16:51:35.692305,30.08497633479657,-99.14626668715064,0_Austin_Los Angeles,22345.69702346188,False,,,
Q51653,2024-09-05 16:51:38.538600,38.51148517837904,-78.63107536673316,0_Austin_Philadelphia,12135.661697237441,False,,,
Z1281,2024-09-05 16:52:55.899400,32.1111057824805,-110.80827023736305,0_Austin_Los Angeles,2347.106898434253,False,,,
L8886,2024-09-05 16:57:32.726160,35.27396971512555,-85.90471930622705,0_Portland_Atlanta,965.8515374964428,False,,,
S31504,2024-09-05 16:58:13.075800,34.98107698868502,-85.26108236190827,0_Portland_Atlanta,2848.527219303591,False,,,
Y5655,2024-09-05 16:58:42.703500,40.85927764696766,-96.16299946185326,0_Portland_Atlanta,17342.899990576152,False,,,
K1282,2024-09-05 17:04:00.296885,32.155402159014166,-110.71091883852776,0_Austin_Los Angeles,11496.638391611768,False,,,
Z01371,2024-09-05 17:04:47.735400,43.42294669134556,-115.87493445265171,1_New York City_Seattle,8959.765570192043,False,,,
X51023,2024-09-05 17:05:05.508000,41.32631820812337,-79.06140429235512,0_New York City_Seattle,14867.870213863269,False,,,
G6656,2024-09-05 17:09:16.482000,40.9159337980002,-96.45539658867028,1_Chicago_Seattle,1105.334089497176,False,,,
U2283,2024-09-05 17:15:04.694370,32.16615174394355,-110.6138892898509,0_Austin_Los Angeles,17425.132843273663,False,,,
G91024,2024-09-05 17:15:59.618160,41.39377292760452,-79.1486357316222,0_New York City_Seattle,20781.147817343404,False,,,
Z9795,2024-09-05 17:19:23.722500,44.81889405955319,-117.99511465687844,1_New York City_Seattle,13967.941710296238,False,,,
Y7657,2024-09-05 17:19:50.260500,40.90936737433164,-96.5885218664242,1_Chicago_Seattle,218.73538753271166,False,,,
Z31372,2024-09-05 17:25:11.724600,42.84825389379333,-115.47527761468191,0_Portland_Atlanta,10611.036850587578,False,,,
H51505,2024-09-05 17:28:47.148000,34.93312590958825,-85.22213604262382,0_Portland_Atlanta,5057.61939139401,False,,,
J3796,2024-09-05 17:29:29.583000,44.72348726060576,-117.47485833726826,1_New York City_Seattle,9626.494016083321,False,,,
C31654,2024-09-05 17:32:40.630920,38.45337157459807,-79.13749181805433,0_Austin_Philadelphia,23142.301124052636,False,,,
Z31373,2024-09-05 17:35:23.719200,42.757561483262094,-115.35417144017408,1_New York City_Seattle,18660.48624534854,False,,,
F6284,2024-09-05 17:37:13.489340,32.03423356261374,-110.71142466882534,0_Austin_Los Angeles,711.3634208382844,False,,,
V11025,2024-09-05 17:37:47.838480,41.333322035619645,-79.6161766365345,0_New York City_Seattle,13973.158660277664,False,,,
G51655,2024-09-05 17:42:56.154000,38.37731290930636,-78.88740923976796,0_Austin_Philadelphia,2137.827637817806,False,,,
W0887,2024-09-05 17:43:27.767280,35.91203483718961,-86.59329367455955,1_Portland_Atlanta,5784.171805854911,False,,,
S9285,2024-09-05 17:48:17.886825,31.823830232196155,-110.59849509011194,1_Austin_San Diego,16904.11688302943,False,,,
U81506,2024-09-05 17:49:09.862800,34.82467998670259,-85.48112172646626,1_Portland_Atlanta,15348.765379297154,False,,,
F4658,2024-09-05 17:51:31.596000,40.57700397874059,-96.9580778319324,0_Portland_Atlanta,23807.543039548134,False,,,
K01507,2024-09-05 17:59:21.220200,34.78923997748487,-85.4781745452878,1_Portland_Atlanta,18706.737149750144,False,,,
O9286,2024-09-05 17:59:22.284310,32.06600412112888,-110.43596830311076,1_Austin_San Diego,9722.64777311143,False,,,
F0659,2024-09-05 18:02:05.374500,40.71588563698485,-97.1756118005404,0_Portland_Atlanta,10298.182231733632,False,,,
K81656,2024-09-05 18:03:27.200160,37.8882201344628,-79.32724028421721,0_Austin_Philadelphia,2249.352617045529,False,,,
E3888,2024-09-05 18:06:25.287840,36.41813885591199,-86.98468281640812,0_Portland_Atlanta,3374.862526002423,False,,,
K0287,2024-09-05 18:10:26.681795,31.776705178300524,-110.3112408313888,0_Austin_Los Angeles,19923.911125112325,False,,,
W71657,2024-09-05 18:13:42.723240,38.16290157538776,-79.1309218501153,0_Austin_Philadelphia,8828.7135218822,False,,,
P3889,2024-09-05 18:17:54.048120,36.32720150504286,-87.08722096585579,1_Portland_Atlanta,9609.564561771653,False,,,
O61508,2024-09-05 18:19:43.935000,35.36889220210787,-86.03012086126178,0_Portland_Atlanta,4259.538598645636,False,,,
I3797,2024-09-05 18:19:58.885500,44.08581273542822,-117.13298358525242,1_New York City_Seattle,5990.692517021375,False,,,
W7288,2024-09-05 18:21:31.079280,31.86995545937391,-109.8127242279959,0_Austin_Los Angeles,32328.275945844332,False,,,
M5660,2024-09-05 18:23:12.931500,40.5820422827758,-98.12215056642682,0_Portland_Atlanta,23403.455697445548,False,,,
G21658,2024-09-05 18:23:58.246320,37.786541684884085,-79.23654951967013,0_Austin_Philadelphia,11020.81576062847,False,,,
Z11374,2024-09-05 18:26:23.692200,43.027717247902885,-114.79896108622508,1_New York City_Seattle,15740.480169848224,False,,,
P5890,2024-09-05 18:29:22.808400,36.30569756636417,-87.05294406716655,1_Portland_Atlanta,9763.180238551304,False,,,
X7798,2024-09-05 18:30:04.746000,44.26582096084815,-117.02245301339195,0_Portland_Atlanta,11920.857669958561,False,,,
Y5289,2024-09-05 18:32:35.476765,32.44535215735663,-109.9673646251548,1_Austin_San Diego,22044.44720021223,False,,,
E21659,2024-09-05 18:34:13.769400,37.88999923175475,-79.16015239104178,0_Austin_Philadelphia,8059.34622003093,False,,,
Q4891,2024-09-05 18:40:51.568680,36.55139512993848,-87.38858534043207,0_Portland_Atlanta,10149.924826661825,False,,,
H01026,2024-09-05 18:43:12.499440,41.41236675092512,-80.42310380832843,0_New York City_Seattle,22080.102395903694,False,,,
M1290,2024-09-05 18:43:39.874250,32.539900948432354,-109.60988249842998,0_Austin_Los Angeles,20646.49419915848,False,,,
P9661,2024-09-05 18:44:20.488500,40.89069217569843,-98.1868293230484,1_Chicago_Seattle,6685.857503530937,False,,,
N11375,2024-09-05 18:46:47.681400,42.49147631094982,-114.78650313289586,0_Portland_Atlanta,27813.543162115744,False,,,
W9799,2024-09-05 18:50:16.467000,43.960675457954686,-116.63586130181464,1_New York City_Seattle,16161.84264249388,False,,,
X7892,2024-09-05 18:52:20.328960,36.62614897504678,-87.39500928501378,0_Portland_Atlanta,4013.242821992649,False,,,
K21027,2024-09-05 18:54:06.609600,41.05480485943444,-80.54407678709404,0_New York City_Seattle,11645.114447496817,False,,,
X41660,2024-09-05 18:54:44.815560,37.46801090242948,-79.59809836901883,0_Austin_Philadelphia,10422.924975262187,False,,,
J9662,2024-09-05 18:54:54.267000,40.4791952339064,-98.5894282396014,0_Portland_Atlanta,26949.998440857522,False,,,
W21376,2024-09-05 18:56:59.676000,42.42899370717994,-114.49270660447694,0_Portland_Atlanta,20944.316891422928,False,,,
B9291,2024-09-05 19:05:48.669220,32.23768903188332,-109.34594750212244,1_Austin_San Diego,5739.892011899215,False,,,
J71377,2024-09-05 19:07:11.670600,42.63501770004868,-114.3062153205176,0_Portland_Atlanta,3820.7427457355525,False,,,
K3800,2024-09-05 19:10:28.188000,43.52660859835317,-116.45288406905532,1_Chicago_Seattle,7358.937631349566,False,,,
Y01509,2024-09-05 19:10:40.722000,35.74161858006906,-86.62861992180919,1_Portland_Atlanta,20725.83778091766,False,,,
V2893,2024-09-05 19:15:17.849520,36.65754449963385,-87.81698328105854,0_Portland_Atlanta,23140.535418991327,False,,,
X41028,2024-09-05 19:15:54.829920,41.043079706923,-80.81739413963541,"0_Chicago_Washington, D.C.",3506.805847104137,False,,,
F0663,2024-09-05 19:16:01.824000,40.55585497491656,-99.07624867218618,0_Portland_Atlanta,11780.22159143377,False,,,
J0292,2024-09-05 19:16:53.066705,32.0544936119602,-109.46420469248147,0_Austin_Los Angeles,26813.043527271486,False,,,
N11378,2024-09-05 19:17:23.665200,42.42461681422044,-113.91717848304678,1_New York City_Seattle,14277.235151680698,False,,,
H3801,2024-09-05 19:20:34.048500,43.76711151635125,-116.66274976146396,1_New York City_Seattle,5222.715113700499,False,,,
F31510,2024-09-05 19:20:52.079400,36.21871397242307,-86.7999575620865,0_Portland_Atlanta,1566.0291319940268,False,,,
W31216,2024-09-05 19:22:38.100330,30.976841240762564,-102.10249210258964,0_Austin_Los Angeles,11738.393154846915,False,,,
J8664,2024-09-05 19:26:35.602500,40.71701138780914,-99.33935133488718,0_Portland_Atlanta,2984.5225785798516,False,,,
R9894,2024-09-05 19:26:46.609800,36.81910323691149,-88.04433259642607,0_Portland_Atlanta,20097.221421768158,False,,,
Y41029,2024-09-05 19:26:48.940080,41.38559185634713,-80.87836979387258,0_New York City_Seattle,17807.456837969643,False,,,
J6802,2024-09-05 19:30:39.909000,43.70040355888257,-116.18698194944456,0_Portland_Atlanta,12701.318212210273,False,,,
K71511,2024-09-05 19:31:03.436800,35.91140684598166,-86.92912300646958,0_Austin_Philadelphia,21418.8597039921,False,,,
Q21217,2024-09-05 19:32:42.260865,31.076749439706788,-102.3189283441285,0_Austin_Los Angeles,19513.08375024207,False,,,
L9665,2024-09-05 19:37:09.381000,40.73443875689836,-99.84158964829425,0_Portland_Atlanta,4407.271064335054,False,,,
N61030,2024-09-05 19:37:43.050240,41.28026912715857,-81.31487680074996,"0_Chicago_Washington, D.C.",2940.1085156903832,False,,,
J9293,2024-09-05 19:39:01.861675,32.154271380008765,-108.78800235695816,0_Austin_Los Angeles,15926.514463350484,False,,,
G8803,2024-09-05 19:40:45.769500,43.64212411208135,-116.07437166169632,1_New York City_Seattle,12678.334185935752,False,,,
A91512,2024-09-05 19:41:14.794200,36.16012969671235,-86.6912936224521,0_Austin_Philadelphia,1416.21198648649,False,,,
X91661,2024-09-05 19:46:02.430960,37.34284907519798,-79.87799617645763,0_Austin_Philadelphia,5065.908733787707,False,,,
U81379,2024-09-05 19:47:59.649000,42.74891993898187,-113.59298153871484,1_Chicago_Seattle,17299.2348775777,False,,,
X3895,2024-09-05 19:49:44.130360,37.155896580532215,-88.2508846186531,1_Portland_Atlanta,10379.466333919056,False,,,
A0294,2024-09-05 19:50:06.259160,32.291688220415146,-108.47710571221025,0_Austin_Los Angeles,5025.102139670317,False,,,
R5804,2024-09-05 19:50:51.630000,43.56515497098101,-116.0421544283684,1_New York City_Seattle,9032.662830862191,False,,,
O01662,2024-09-05 19:56:17.954040,37.1484823314208,-80.06641294616227,0_Austin_Philadelphia,14334.263548026618,False,,,
U51031,2024-09-05 19:59:31.270560,41.21055001454032,-81.23495012119517,0_New York City_Seattle,3488.6609533102874,False,,,
X4805,2024-09-05 20:00:57.490500,42.934444457898245,-115.70794708733256,1_New York City_Seattle,16258.351568624817,False,,,
U4295,2024-09-05 20:01:10.656645,32.00991200402714,-108.4702963516777,0_Austin_Los Angeles,19555.462202446615,False,,,
L7896,2024-09-05 20:01:12.890640,37.11056713195746,-88.27914845010953,1_Portland_Atlanta,6889.316781553869,False,,,
P11513,2024-09-05 20:01:37.509000,36.34727480548954,-87.0814853757343,1_Portland_Atlanta,7593.742783942519,False,,,
W3666,2024-09-05 20:08:50.716500,40.90515114819866,-100.12228286777356,1_Chicago_Seattle,367.30106177576886,False,,,
A0806,2024-09-05 20:11:03.351000,42.81658877105503,-115.38330863322558,1_New York City_Seattle,12683.918198703255,False,,,
W01514,2024-09-05 20:11:48.866400,36.52591910985476,-86.83706271114818,0_Portland_Atlanta,19903.04751844455,False,,,
M3897,2024-09-05 20:12:41.650920,37.22463033864032,-88.46373902884562,0_Portland_Atlanta,22289.51241837485,False,,,
E11218,2024-09-05 20:12:58.903005,30.782639571074306,-103.66430051504842,1_Austin_San Diego,21246.881273123858,False,,,
X1667,2024-09-05 20:19:24.495000,41.08779763351176,-100.5842455928862,0_Portland_Atlanta,1700.5663165723645,False,,,
H9296,2024-09-05 20:23:19.451615,32.21716168193417,-107.51290693219896,0_Austin_Los Angeles,3590.22563411743,False,,,
T3898,2024-09-05 20:24:10.411200,36.80143797285322,-88.28030513563557,1_Portland_Atlanta,19949.670857967467,False,,,
S61380,2024-09-05 20:28:47.627400,42.08999547640427,-112.83571117151216,1_New York City_Seattle,4072.8147073798186,False,,,
Q61515,2024-09-05 20:32:11.581200,36.74746858705958,-87.28300485999904,1_Portland_Atlanta,11922.98407972329,False,,,
P91219,2024-09-05 20:33:07.224075,31.116742339741386,-104.24076682972152,0_Austin_Los Angeles,5033.485797748242,False,,,
J3297,2024-09-05 20:34:23.849100,32.10827284392396,-107.56667319756644,0_Austin_Los Angeles,15405.572733176996,False,,,
L0899,2024-09-05 20:35:39.171480,36.97347451959403,-88.56198699465384,0_Portland_Atlanta,3069.9005910589644,False,,,
O91663,2024-09-05 20:37:20.046360,37.40344132728122,-80.48828587591129,0_Austin_Philadelphia,28954.729487795732,False,,,
P21381,2024-09-05 20:38:59.622000,42.0069048521818,-112.69727617339898,1_New York City_Seattle,3641.9911310091766,False,,,
O9668,2024-09-05 20:40:32.052000,40.94929962871191,-101.40047429530269,1_Chicago_Seattle,15757.608441103903,False,,,
S8807,2024-09-05 20:41:20.932500,42.74414531402292,-115.48500446822833,0_Portland_Atlanta,20676.733371476035,False,,,
Z91516,2024-09-05 20:42:22.938600,36.62449839534917,-87.48881308621831,1_Portland_Atlanta,8568.377553783275,False,,,
X1298,2024-09-05 20:45:28.246585,32.28188235751607,-107.52856412296056,1_Austin_San Diego,1898.150249787879,False,,,
X7900,2024-09-05 20:47:07.931760,36.89147000303026,-88.44387960511273,0_Portland_Atlanta,10211.697109687437,False,,,
G81382,2024-09-05 20:49:11.616600,41.68211378623801,-112.71714787323766,1_Chicago_Seattle,24761.5321585978,False,,,
M6669,2024-09-05 20:51:05.830500,41.192325046437,-101.59415510891198,1_New York City_Seattle,7240.052442194923,False,,,
Q1808,2024-09-05 20:51:26.793000,42.7669362227657,-115.2448006243538,1_New York City_Seattle,18589.247385461564,False,,,
V11032,2024-09-05 20:54:01.821360,41.12931441308887,-82.45549687069946,0_New York City_Seattle,20004.66945758868,False,,,
U7299,2024-09-05 20:56:32.644070,32.487329034682844,-107.04326836419716,1_Austin_San Diego,23204.726862257907,False,,,
S5901,2024-09-05 20:58:36.692040,37.20739485312701,-88.85310850677203,1_Portland_Atlanta,13509.042912469904,False,,,
X4809,2024-09-05 21:01:32.653500,42.68533210830024,-115.13362847396787,1_New York City_Seattle,25322.37545458087,False,,,
M41517,2024-09-05 21:02:45.653400,37.07957681817996,-87.70636150675017,1_Portland_Atlanta,18191.46817051462,False,,,
M41220,2024-09-05 21:03:19.705680,31.27401394829832,-104.52239638892996,0_Austin_Los Angeles,21736.986125416686,False,,,
E7300,2024-09-05 21:07:37.041555,32.407967185230945,-106.99786936260766,1_Austin_San Diego,14503.347476888688,False,,,
Y71383,2024-09-05 21:09:35.605800,41.78067758049764,-111.9198658224943,0_Portland_Atlanta,22571.309003960338,False,,,
S31664,2024-09-05 21:18:22.138680,37.00413378309341,-80.51046281179268,0_Austin_Philadelphia,9513.58713387375,False,,,
O9301,2024-09-05 21:18:41.439040,32.487527359721504,-106.71060507339452,0_Austin_Los Angeles,22912.98466516267,False,,,
C71384,2024-09-05 21:19:47.600400,41.50971279752124,-112.13317362785946,1_New York City_Seattle,4675.31682864901,False,,,
W5902,2024-09-05 21:21:34.212600,37.0152941047614,-88.87203392445358,1_Portland_Atlanta,20238.402920044864,False,,,
A0670,2024-09-05 21:22:47.166000,41.2521926004002,-102.3079249772162,1_Chicago_Seattle,19122.439827085815,False,,,
P01518,2024-09-05 21:23:08.368200,37.02973834711362,-87.97559770774828,0_Portland_Atlanta,1483.0791508081552,False,,,
R01221,2024-09-05 21:23:28.026750,30.856894069089886,-104.90437266706331,0_Austin_Los Angeles,19013.675726073896,False,,,
N31033,2024-09-05 21:26:44.151840,41.48903451162731,-82.97827086694589,"0_Chicago_Washington, D.C.",10133.649102434274,False,,,
U3302,2024-09-05 21:29:45.836525,32.20838849389536,-106.75612299357503,1_Austin_San Diego,4622.580855808603,False,,,
B9903,2024-09-05 21:33:02.972880,37.43249378752184,-88.93563433346813,1_Portland_Atlanta,5535.646618587126,False,,,
K21034,2024-09-05 21:37:38.262000,41.47667161234856,-83.55324243125766,"0_Chicago_Washington, D.C.",6945.932064230407,False,,,
L11665,2024-09-05 21:38:53.184840,36.82714041162026,-81.18341335367438,0_Austin_Philadelphia,10592.555657007806,False,,,
N7303,2024-09-05 21:40:50.234010,31.803005772095435,-106.80448310455982,0_Austin_Los Angeles,24381.66788639467,False,,,
A3810,2024-09-05 21:41:56.095500,42.54704462552847,-114.36180541499392,1_Chicago_Seattle,5523.357932370944,False,,,
J9671,2024-09-05 21:43:54.723000,41.24462757268351,-102.74873957579725,1_New York City_Seattle,11415.262169196001,False,,,
U4904,2024-09-05 21:44:31.733160,37.50323473530526,-88.7385802666636,0_Portland_Atlanta,15103.470234390568,False,,,
N71035,2024-09-05 21:48:32.372160,41.435156676865695,-83.55800294100187,"0_Chicago_Washington, D.C.",11002.38179210196,False,,,
R8304,2024-09-05 21:51:54.631495,31.999717860059647,-106.52357521391406,1_Austin_San Diego,5810.356692117992,False,,,
E6811,2024-09-05 21:52:01.956000,42.69233643082828,-114.66643911888808,0_Portland_Atlanta,5832.284763798297,False,,,
C1905,2024-09-05 21:56:00.493440,37.73788100571164,-89.18125479813543,1_Portland_Atlanta,21599.151957307913,False,,,
W01036,2024-09-05 21:59:26.482320,41.65571336147024,-83.82848967939424,0_New York City_Seattle,5248.728867059898,False,,,
R2812,2024-09-05 22:02:07.816500,42.2493405657181,-114.55192202678413,0_Portland_Atlanta,39289.04912914686,False,,,
O4305,2024-09-05 22:02:59.028980,32.00557017235091,-106.26621216556076,1_Austin_San Diego,26768.783082640268,False,,,
F7906,2024-09-05 22:07:29.253720,37.76188862863958,-89.13855988944823,1_Portland_Atlanta,18206.684470654607,False,,,
M61385,2024-09-05 22:10:47.573400,41.08668997458211,-111.74509811646,1_Chicago_Seattle,1429.4248537041333,False,,,
F2813,2024-09-05 22:12:13.677000,42.16826656472593,-114.61773451175829,0_Portland_Atlanta,48832.89699793625,False,,,
T0306,2024-09-05 22:14:03.426465,31.61625639397093,-106.55989450986024,0_Austin_Los Angeles,16026.834089101263,False,,,
M3672,2024-09-05 22:15:36.058500,41.4031765017244,-103.66708638191764,1_New York City_Seattle,19287.039209089005,False,,,
S3907,2024-09-05 22:18:58.014000,37.89718889054843,-88.95938476854191,1_Portland_Atlanta,1267.7563506284396,False,,,
L41666,2024-09-05 22:19:55.277160,36.84780517130912,-81.35731117059818,0_Austin_Philadelphia,3836.246681105991,False,,,
J41667,2024-09-05 22:30:10.800240,36.76029513584651,-81.43455478994402,0_Austin_Philadelphia,9202.168501021268,False,,,
M31386,2024-09-05 22:31:11.562600,41.06402232771009,-111.72284777980452,1_Chicago_Seattle,2607.41584908002,False,,,
Q2307,2024-09-05 22:36:12.221435,31.51650762182896,-106.3121547349625,1_Austin_San Diego,14950.193398248575,False,,,
J0673,2024-09-05 22:36:43.615500,41.25852611898243,-104.20711368570002,0_Portland_Atlanta,8756.400698715279,False,,,
O41387,2024-09-05 22:41:23.557200,41.06755429117419,-111.38062107867144,0_Portland_Atlanta,5249.790991173243,False,,,
X0908,2024-09-05 22:41:55.534560,38.18997064176787,-89.10868394443547,0_Portland_Atlanta,17655.993321062197,False,,,
F91222,2024-09-05 22:44:01.311030,31.34167926860476,-105.92403891828694,1_Austin_San Diego,1976.2933133533948,False,,,
J4308,2024-09-05 22:47:16.618920,31.644098372522308,-106.19863917752085,0_Austin_Los Angeles,2358.306357708841,False,,,
V3674,2024-09-05 22:47:17.394000,41.322030416649696,-104.54997171228187,1_Chicago_Seattle,15855.482788358937,False,,,
E01668,2024-09-05 22:50:41.846400,36.70878663869631,-81.52347416635826,0_Austin_Philadelphia,11218.46206317753,False,,,
W01388,2024-09-05 22:51:35.551800,41.32622582737135,-111.01158022767302,1_Chicago_Seattle,6870.0668650423995,False,,,
N6909,2024-09-05 22:53:24.294840,38.39491806393049,-88.99223762163864,1_Portland_Atlanta,3287.1781359711094,False,,,
T71037,2024-09-05 22:53:57.033120,41.56116863976091,-84.65947646663471,0_New York City_Seattle,5499.179559336352,False,,,
J51519,2024-09-05 22:54:50.584800,37.05256725597184,-88.67188878600179,1_Portland_Atlanta,1266.9480849869167,False,,,
C7675,2024-09-05 22:57:51.172500,41.16279583611565,-104.8062160963703,1_Chicago_Seattle,3942.551610663011,False,,,
L8309,2024-09-05 22:58:21.016405,31.498724570384287,-105.89515718233764,0_Austin_Los Angeles,12596.82770054777,False,,,
Q71389,2024-09-05 23:01:47.546400,41.17748928344622,-110.86973916557858,0_Portland_Atlanta,9065.845596372166,False,,,
V01038,2024-09-05 23:04:51.143280,41.49984731104005,-85.13280362615613,"0_Chicago_Washington, D.C.",23652.00825810128,False,,,
D6310,2024-09-05 23:09:25.413890,31.53403179348914,-105.84350934128702,0_Austin_Los Angeles,18732.353598010326,False,,,
H51390,2024-09-05 23:11:59.541000,41.177196693564056,-111.00144389596844,1_New York City_Seattle,7268.5915137982765,False,,,
E8814,2024-09-05 23:12:48.840000,41.67102405661476,-114.9734524335589,0_Portland_Atlanta,107182.51576633133,True,,,
V6676,2024-09-05 23:18:58.729500,41.20691051543396,-105.5835816747332,1_Chicago_Seattle,8309.708305509206,False,,,
O3311,2024-09-05 23:20:29.811375,31.331934712915512,-106.02250677075256,1_Austin_San Diego,8773.430897154216,False,,,
H11669,2024-09-05 23:21:28.415640,36.91373853771071,-81.79134687220188,0_Austin_Philadelphia,14033.503087094847,False,,,
A51391,2024-09-05 23:22:11.535600,41.20153576477334,-110.7852093055695,1_New York City_Seattle,7839.543396616229,False,,,
W21223,2024-09-05 23:24:17.953170,31.655832110710303,-106.25786692514056,1_Austin_San Diego,1131.0046946016398,False,,,
Y11520,2024-09-05 23:25:24.657000,37.49497485202681,-88.9193436410872,1_Portland_Atlanta,1803.1729818511321,False,,,
O0677,2024-09-05 23:29:32.508000,41.407118140450855,-105.20050804668648,1_New York City_Seattle,28274.265579552655,False,,,
W0312,2024-09-05 23:31:34.208860,31.38192030818545,-105.68218248618648,1_Austin_San Diego,16103.053307324099,False,,,
A81670,2024-09-05 23:31:43.938720,36.93968742337235,-81.85016741848773,0_Austin_Philadelphia,17866.319083656766,False,,,
V01392,2024-09-05 23:32:23.530200,41.426106449578825,-110.59881291615054,0_Portland_Atlanta,10930.66427127589,False,,,
X1815,2024-09-05 23:33:00.561000,41.533712127647945,-114.89929261048862,0_Portland_Atlanta,116461.82625191972,True,,,
U21224,2024-09-05 23:34:22.113705,31.869840622978423,-106.33045887587052,1_Austin_San Diego,11384.782194670493,False,,,
N4678,2024-09-05 23:40:06.286500,41.396178606107576,-105.41952564133516,1_Chicago_Seattle,13617.874267919502,False,,,
R81671,2024-09-05 23:41:59.461800,36.40924180217683,-82.20245317024322,0_Austin_Philadelphia,18447.984402405986,False,,,
T1313,2024-09-05 23:42:38.606345,31.150542584804224,-105.64630778295523,1_Austin_San Diego,2398.2548813398444,False,,,
Y6816,2024-09-05 23:43:06.421500,41.41563973444162,-114.9529398828445,0_Portland_Atlanta,129168.49301051695,True,,,
C81225,2024-09-05 23:44:26.274240,31.71802546947553,-106.42120991282944,1_Austin_San Diego,5573.739537612171,False,,,
I71039,2024-09-05 23:48:27.583920,41.66298175899237,-85.90618287160785,0_New York City_Seattle,6510.342093144071,False,,,
C3817,2024-09-05 23:53:12.282000,41.23795445900774,-115.0639937079766,0_Portland_Atlanta,149467.11831418346,True,,,
W2314,2024-09-05 23:53:43.003830,31.12340735144963,-105.2473376715317,1_Austin_San Diego,1736.5193850676926,False,,,
Q01040,2024-09-05 23:59:21.694080,41.58276673165008,-86.02672792834792,"0_Chicago_Washington, D.C.",13953.915975965418,False,,,
S3679,2024-09-06 00:01:13.843500,41.468412296474106,-105.90482799781618,0_Portland_Atlanta,2373.5487988234827,False,,,
Q2910,2024-09-06 00:02:16.856520,38.59385154175247,-90.05703975547475,0_Portland_Atlanta,1697.4081379536697,False,,,
G91672,2024-09-06 00:02:30.507960,36.792552815237485,-82.50203458529663,0_Austin_Philadelphia,29295.355670659228,False,,,
V91393,2024-09-06 00:02:59.514000,41.57869416425421,-110.068294602002,1_New York City_Seattle,9505.35752280208,False,,,
T81226,2024-09-06 00:04:34.595310,31.882939222436004,-106.64409410601374,0_Austin_Los Angeles,6874.76982841339,False,,,
F3315,2024-09-06 00:04:47.401315,31.14648010661042,-105.27868570854412,1_Austin_San Diego,366.106562550262,False,,,
J71394,2024-09-06 00:13:11.508600,41.78112285205509,-109.4252712896568,1_Chicago_Seattle,22659.327469980188,False,,,
W1911,2024-09-06 00:13:45.616800,38.47258122751512,-89.92949596303758,0_Portland_Atlanta,10851.074818405863,False,,,
J11227,2024-09-06 00:14:38.755845,32.31822737038644,-106.73848296311664,0_Austin_Los Angeles,5328.825310158184,False,,,
O3316,2024-09-06 00:15:51.798800,31.112769405814817,-104.86920961206027,1_Austin_San Diego,7100.8414345818255,False,,,
Q81521,2024-09-06 00:16:21.444000,37.97825278562647,-89.02207331118646,1_Portland_Atlanta,8444.82845603336,False,,,
I31041,2024-09-06 00:21:09.914400,41.59106718137272,-86.2923158426329,0_New York City_Seattle,12784.841613945939,False,,,
O11673,2024-09-06 00:23:01.554120,36.2406133457507,-82.69804833422857,0_Austin_Philadelphia,12624.67302386894,False,,,
E51395,2024-09-06 00:23:23.503200,41.72509841190811,-109.51866447018084,1_New York City_Seattle,15897.100749094918,False,,,
W6818,2024-09-06 00:23:29.863500,40.54325471804837,-114.78051802626172,1_New York City_Seattle,204846.33884332792,True,,,
Q3317,2024-09-06 00:26:56.196285,30.84267198042533,-104.90494280556324,0_Austin_Los Angeles,20470.980473146577,False,,,
M31042,2024-09-06 00:32:04.024560,41.81081889596464,-86.50248783860573,0_New York City_Seattle,6761.125897757421,False,,,
R81674,2024-09-06 00:33:17.077200,36.24698072057355,-82.62099762641029,0_Austin_Philadelphia,14536.15975813687,False,,,
R5819,2024-09-06 00:33:35.724000,40.18812583410835,-114.87635620069284,1_New York City_Seattle,241410.6155189913,True,,,
C3318,2024-09-06 00:38:00.593770,31.06296524963458,-104.82695843040968,1_Austin_San Diego,2244.841103093593,False,,,
H11043,2024-09-06 00:42:58.134720,41.82988445258169,-86.6881986612485,0_New York City_Seattle,14074.654509956845,False,,,
W3680,2024-09-06 00:43:28.957500,41.53825622592831,-106.87764876053495,0_Portland_Atlanta,20031.222775717884,False,,,
F71675,2024-09-06 00:43:32.600280,36.23052043403565,-82.72803559352471,0_Austin_Philadelphia,12481.698298036557,False,,,
K31522,2024-09-06 00:46:55.516200,38.11670935888881,-88.85202677227095,0_Portland_Atlanta,6008.611968387572,False,,,
T4912,2024-09-06 00:48:11.897640,38.92050038332693,-90.2920974242437,0_Portland_Atlanta,19299.41312486984,False,,,
M6820,2024-09-06 00:53:47.445000,39.9857732517608,-114.65021840566124,1_New York City_Seattle,257227.01784986508,True,,,
T91676,2024-09-06 00:53:48.123360,36.33706943668662,-83.28168147071159,1_Chicago_Charlotte,432.6109569916022,False,,,
T81044,2024-09-06 00:53:52.244880,41.613138373086464,-86.72485045635925,"0_Chicago_Washington, D.C.",3859.81833801398,False,,,
C1319,2024-09-06 01:00:09.388740,31.28033097549756,-104.18566501904104,1_Austin_San Diego,21934.3955201566,False,,,
Z6821,2024-09-06 01:03:53.305500,39.99324600477103,-114.81799465411623,1_New York City_Seattle,259196.8186585253,True,,,
E61523,2024-09-06 01:07:18.231000,38.41859164372812,-89.15430395987353,0_Portland_Atlanta,3109.7754399687674,False,,,
G6913,2024-09-06 01:11:09.418200,38.51456447493421,-90.308675583591,1_Austin_Philadelphia,8129.086150870245,False,,,
M1320,2024-09-06 01:11:13.786225,30.943851483778417,-104.4398888716366,1_Austin_San Diego,12417.419100794481,False,,,
U91396,2024-09-06 01:14:23.476200,41.58694028501907,-108.1055029143054,1_Chicago_Seattle,8674.90228165326,False,,,
H31228,2024-09-06 01:15:03.719055,32.26127396129652,-107.9256642047908,1_Austin_San Diego,1116.2980018816381,False,,,
R1321,2024-09-06 01:22:18.183710,31.027211664632773,-104.24719819301744,1_Austin_San Diego,4107.155133805808,False,,,
F9914,2024-09-06 01:22:38.178480,38.691768935277786,-90.37876115255708,0_Portland_Atlanta,4699.713483639321,False,,,
C91677,2024-09-06 01:24:34.692600,36.11393509204745,-83.74624027868128,0_Austin_Philadelphia,10948.152920778504,False,,,
Q31229,2024-09-06 01:25:07.879590,32.24290774715928,-108.30995923621948,1_Austin_San Diego,3338.0517815947123,False,,,
Z01524,2024-09-06 01:27:40.945800,38.61273636130919,-89.4809631388982,0_Portland_Atlanta,17292.19417006145,False,,,
B5322,2024-09-06 01:33:22.581195,31.17505633408778,-104.22271202629938,0_Austin_Los Angeles,11108.845815026885,False,,,
N4915,2024-09-06 01:34:06.938760,38.74500709182171,-90.425707618724,0_Portland_Atlanta,25.190978355856355,False,,,
R6822,2024-09-06 01:34:10.887000,39.40647957336599,-114.9507109648107,1_New York City_Seattle,319497.1765358749,True,,,
U91045,2024-09-06 01:37:28.685520,41.8143980645446,-87.12343614782789,"0_Chicago_Washington, D.C.",22494.06856506392,False,,,
R3777,2024-09-06 01:44:16.747500,39.033587494287495,-114.89787071082034,1_New York City_Seattle,355545.7116298509,True,,,
B41397,2024-09-06 01:44:59.460000,41.78878373517294,-107.10334263990951,1_Chicago_Seattle,1187.6064652643681,False,,,
F81678,2024-09-06 01:45:05.738760,35.650951373788985,-84.21916449239727,0_Austin_Philadelphia,22789.593607985647,False,,,
M9916,2024-09-06 01:45:35.699040,38.9400125071568,-90.66950915481632,0_Portland_Atlanta,13720.981161692302,False,,,
J1681,2024-09-06 01:46:51.628500,41.894197091995714,-109.06058627057796,1_Chicago_Seattle,23444.21370182924,False,,,
E11525,2024-09-06 01:48:03.660600,38.285512293000906,-89.63307894457289,0_Portland_Atlanta,18311.134663232937,False,,,
Z8778,2024-09-06 01:54:22.608000,39.39825024782745,-114.8733726233599,1_New York City_Seattle,318874.5677260232,True,,,
X61679,2024-09-06 01:55:21.261840,35.61821161013424,-84.32934118121374,0_Austin_Philadelphia,25681.862502974025,False,,,
W9917,2024-09-06 01:57:04.459320,39.04998683011618,-91.058608367356,0_Portland_Atlanta,21975.539460801734,False,,,
J4682,2024-09-06 01:57:25.407000,41.839502768401765,-108.95722708133232,1_New York City_Seattle,15929.388969474743,False,,,
I91526,2024-09-06 01:58:15.018000,38.77646508663242,-89.71758447282654,1_Austin_Philadelphia,500.564895482539,False,,,
L91046,2024-09-06 01:59:16.905840,41.61425527462107,-87.34015388836757,0_New York City_Seattle,723.5012027249699,False,,,
P7323,2024-09-06 02:06:35.773650,31.03455711154741,-102.966606571895,0_Austin_Los Angeles,13904.406135767413,False,,,
F2918,2024-09-06 02:08:33.219600,38.56702382982044,-91.08938035242224,1_Austin_Philadelphia,21755.610632409887,False,,,
H61047,2024-09-06 02:10:11.016000,41.49912274434689,-87.32232748973786,0_Chicago_Columbus,255.0958375465266,False,,,
Q91230,2024-09-06 02:15:28.682265,32.23866198940434,-109.32316290132806,1_Austin_San Diego,5096.5166111516,False,,,
Q0324,2024-09-06 02:17:40.171135,30.7455106868827,-103.12998764747812,1_Austin_San Diego,17482.26404236917,False,,,
R1919,2024-09-06 02:20:01.979880,38.95687547833042,-91.09993068844766,0_Portland_Atlanta,12994.178100667932,False,,,
T01048,2024-09-06 02:21:05.126160,41.9337317055633,-87.63016999722716,0_Chicago_Seattle,4335.768514691197,False,,,
U41680,2024-09-06 02:26:07.831080,35.900235018173206,-84.7484893985474,0_Austin_Philadelphia,173.1623536050867,False,,,
N91527,2024-09-06 02:28:49.090200,38.65048902739821,-89.93634449494012,1_Austin_Philadelphia,5727.006139677653,False,,,
M1920,2024-09-06 02:31:30.740160,38.88215898003027,-91.47189947815636,0_Portland_Atlanta,881.4810038262277,False,,,
M01398,2024-09-06 02:35:59.433000,41.18748854232535,-105.67492385087388,1_Chicago_Seattle,12745.091973362001,False,,,
B81681,2024-09-06 02:36:23.354160,36.23622210058394,-84.8931447549427,0_Austin_Philadelphia,28606.473347924322,False,,,
G5683,2024-09-06 02:39:40.521000,41.51452840839516,-110.10394719046808,1_New York City_Seattle,5253.341965066895,False,,,
E4325,2024-09-06 02:39:48.966105,30.652328082901747,-102.40116686068345,1_Austin_San Diego,24025.356590405154,False,,,
X2921,2024-09-06 02:42:59.500440,38.83816583971854,-91.37515130277517,0_Portland_Atlanta,3601.589632872857,False,,,
G2779,2024-09-06 02:44:51.910500,38.6389457354285,-115.09038762130632,1_Austin_Los Angeles,354958.9088572376,True,,,
C01682,2024-09-06 02:46:38.877240,36.35239200042116,-85.19125347788305,0_Austin_Philadelphia,25818.310503586312,False,,,
T8684,2024-09-06 02:50:14.299500,41.42940321756022,-110.2038786320914,1_New York City_Seattle,1723.0001333134796,False,,,
K9326,2024-09-06 02:50:53.363590,30.61606976029175,-101.91267704899208,0_Austin_Los Angeles,14396.94647991447,False,,,
O6922,2024-09-06 02:54:28.260720,38.94442302115702,-91.57979409079518,0_Portland_Atlanta,4814.766522670486,False,,,
J81231,2024-09-06 02:55:45.324405,32.424993136362666,-109.7965737810008,0_Austin_Los Angeles,9612.046920189672,False,,,
C01683,2024-09-06 02:56:54.400320,36.31810926855153,-85.55485137455425,0_Austin_Philadelphia,19654.457955548267,False,,,
X2685,2024-09-06 03:00:48.078000,41.39075758382906,-110.87242127567222,1_Chicago_Seattle,11021.397761192571,False,,,
N6327,2024-09-06 03:01:57.761075,30.562709742642696,-101.94028979569065,0_Austin_Los Angeles,20624.13988489334,False,,,
Y0780,2024-09-06 03:05:03.631500,38.22361382654018,-114.9121157652747,1_Austin_Los Angeles,311226.63377626473,True,,,
D61232,2024-09-06 03:05:49.484940,31.839667342462857,-110.2855712433818,0_Austin_Los Angeles,13362.293982861702,False,,,
M6686,2024-09-06 03:11:21.856500,41.27721528122956,-111.02201602867348,0_Portland_Atlanta,2291.0730282337668,False,,,
U4781,2024-09-06 03:15:09.492000,37.99389072679157,-114.86856062172652,1_Austin_Los Angeles,288504.460497735,True,,,
R71233,2024-09-06 03:15:53.645475,31.74806775388451,-110.16664354755478,0_Austin_Los Angeles,24087.52717877875,False,,,
D8923,2024-09-06 03:17:25.781280,39.110352951387895,-92.049145752502,0_Portland_Atlanta,15576.958863508355,False,,,
R81528,2024-09-06 03:19:45.877200,38.63438679150229,-90.37601693910172,1_Austin_Philadelphia,5502.6999299562285,False,,,
V51234,2024-09-06 03:25:57.806010,32.14494917574401,-110.55839688123726,0_Austin_Los Angeles,16322.640940306885,False,,,
Y21049,2024-09-06 03:26:29.787120,41.96521266016739,-87.87662412645578,0_Chicago_Seattle,2998.893949629927,False,,,
T31399,2024-09-06 03:26:59.406000,41.12374526030023,-105.23405281627852,0_Portland_Atlanta,1350.971636867867,False,,,
E81684,2024-09-06 03:27:40.969560,36.05708732716412,-85.8292304924959,0_Austin_Philadelphia,7293.182526844437,False,,,
M51529,2024-09-06 03:29:57.234600,38.5807303511759,-90.30011859911886,1_Austin_Philadelphia,2782.46892320142,False,,,
H2687,2024-09-06 03:32:29.413500,41.34438035362907,-111.23392588542414,0_Portland_Atlanta,18709.657522161608,False,,,
S3328,2024-09-06 03:35:10.953530,30.79470704518249,-101.06462684611049,0_Austin_Los Angeles,10659.63530780548,False,,,
M7782,2024-09-06 03:35:21.213000,37.819646974932,-115.0442543573428,1_Austin_Los Angeles,278063.7760161453,True,,,
M31235,2024-09-06 03:36:01.966545,31.74897303333161,-110.38190980769096,0_Austin_Los Angeles,22614.77572836703,False,,,
Q61685,2024-09-06 03:37:56.492640,36.34850134228818,-86.25406835370877,0_Austin_Philadelphia,16493.70838797581,False,,,
O7924,2024-09-06 03:40:23.301840,38.92521537442511,-92.39010381435423,0_Portland_Atlanta,4150.977342341595,False,,,
I2783,2024-09-06 03:45:27.073500,37.94328411008742,-114.7900649535844,1_Austin_Los Angeles,281584.8065696159,True,,,
M91236,2024-09-06 03:46:06.127080,31.85042966417073,-110.45600194465555,0_Austin_Los Angeles,11870.830816352254,False,,,
P1329,2024-09-06 03:46:15.351015,30.618233491027567,-100.75377256611046,0_Austin_Los Angeles,71.63938503745024,False,,,
T11686,2024-09-06 03:48:12.015720,36.03803884044599,-86.91381768546893,0_Austin_Philadelphia,9603.160557775298,False,,,
S41530,2024-09-06 03:50:19.949400,38.92100704004451,-90.77002857117866,0_Portland_Atlanta,11543.974339563141,False,,,
J3688,2024-09-06 03:53:36.970500,40.76719843543368,-111.4653906556645,1_New York City_Seattle,20178.308783862452,False,,,
C31400,2024-09-06 03:57:35.389800,41.03138757310349,-104.28160146433864,1_New York City_Seattle,11038.185576687145,False,,,
V91687,2024-09-06 03:58:27.538800,36.29922315074584,-86.81492037938276,1_Portland_Atlanta,762.7678549596772,False,,,
S81050,2024-09-06 03:59:12.117600,42.47176643183761,-89.1416428315629,0_New York City_Seattle,14252.9003774795,False,,,
J61531,2024-09-06 04:00:31.306800,38.90071527206484,-90.47996375019676,0_Portland_Atlanta,12368.021227087314,False,,,
N9689,2024-09-06 04:04:10.749000,40.98770983029944,-111.47304166904138,1_New York City_Seattle,1041.6890354655106,False,,,
D11401,2024-09-06 04:07:47.384400,41.14696818227644,-103.70189946188282,0_Portland_Atlanta,4678.275425739177,False,,,
J51688,2024-09-06 04:08:43.061880,36.09323272379943,-87.0100160646905,0_Austin_Philadelphia,1547.6974534881913,False,,,
Y51051,2024-09-06 04:10:06.227760,42.397413131267975,-88.80083890719467,0_New York City_Seattle,15055.677864497964,False,,,
L0690,2024-09-06 04:14:44.527500,40.74806191472491,-111.45025230739894,1_New York City_Seattle,21906.492273412918,False,,,
B3784,2024-09-06 04:15:44.655000,37.5765364119632,-115.31605181740488,1_Austin_Los Angeles,267829.8356840969,True,,,
M31237,2024-09-06 04:16:18.608685,32.31090435825257,-111.06290676842036,1_Austin_San Diego,1127.934235772938,False,,,
W41402,2024-09-06 04:17:59.379000,41.2327686979763,-103.364506764058,1_Chicago_Seattle,1405.313107779206,False,,,
W6330,2024-09-06 04:19:28.543470,30.4208311844472,-99.79634593438595,0_Austin_Los Angeles,7403.083559073163,False,,,
L31532,2024-09-06 04:20:54.021600,39.02404164622813,-90.81813894441676,0_Portland_Atlanta,21495.32707520693,False,,,
L0785,2024-09-06 04:25:50.515500,37.62492961514095,-115.4399611955325,1_Austin_Los Angeles,278023.85057724983,True,,,
O2925,2024-09-06 04:26:18.342960,38.85817610782119,-93.49381072003791,0_Portland_Atlanta,12200.75161301146,False,,,
B41689,2024-09-06 04:29:14.108040,35.90624477880863,-86.95529685580313,0_Austin_Philadelphia,21177.155553452918,False,,,
Q8926,2024-09-06 04:37:47.103240,39.14920914251978,-93.65314801796389,0_Portland_Atlanta,15536.536536691443,False,,,
R81052,2024-09-06 04:42:48.558240,42.99924530360644,-89.04006418235338,0_New York City_Seattle,7513.024283179451,False,,,
R1786,2024-09-06 04:46:02.236500,37.26584235963282,-114.9581516919548,1_Austin_Los Angeles,224575.777507353,True,,,
B5691,2024-09-06 04:46:25.863000,40.85682685954969,-111.98165012522573,1_New York City_Seattle,27630.322318092803,False,,,
O91238,2024-09-06 04:46:31.090290,32.34155221661892,-111.03019749729816,0_Austin_Los Angeles,2970.095217948463,False,,,
C1927,2024-09-06 04:49:15.863520,39.01377891138544,-93.74363312508682,0_Portland_Atlanta,1290.6215404026584,False,,,
G4250,2024-09-06 04:52:41.735925,30.224538985368696,-99.506370065545,0_Austin_Los Angeles,7262.442200725537,False,,,
W2787,2024-09-06 04:56:08.097000,37.41282318728206,-114.93954332449944,1_Austin_Los Angeles,237126.71390070088,True,,,
T51403,2024-09-06 04:58:47.357400,41.01425699931466,-102.4204952912362,1_New York City_Seattle,4059.277517420952,False,,,
T31690,2024-09-06 05:00:00.677280,35.62004955783221,-87.87311690606701,0_Austin_Philadelphia,24872.84493515163,False,,,
B51053,2024-09-06 05:04:36.778560,42.99892844817301,-89.2051290589187,0_Chicago_Seattle,586.1149505016543,False,,,
J2928,2024-09-06 05:12:13.384080,39.24704024977315,-94.4328859528188,0_Portland_Atlanta,6977.42591042121,False,,,
U4252,2024-09-06 05:14:50.530895,30.330271356795578,-99.16592714121607,1_Austin_San Diego,3010.05362631439,False,,,
K2788,2024-09-06 05:16:19.818000,36.98710345492643,-115.14734336703148,1_Austin_Los Angeles,209262.81530129412,True,,,
M51239,2024-09-06 05:16:43.571895,32.69918638298728,-111.21577542044652,0_Austin_Los Angeles,16619.64288870261,False,,,
C9692,2024-09-06 05:18:07.198500,40.79066453094544,-112.07070682508244,1_New York City_Seattle,36054.89853970168,False,,,
O11404,2024-09-06 05:19:11.346600,41.01684572005984,-101.59334728123358,1_Chicago_Seattle,9740.984188579221,False,,,
X2929,2024-09-06 05:23:42.144360,39.22672225949941,-94.87663163766896,0_Portland_Atlanta,16908.69927362417,False,,,
T7253,2024-09-06 05:25:54.928380,30.19597124651454,-99.23235375027586,0_Austin_Los Angeles,10721.63339065955,False,,,
C6789,2024-09-06 05:26:25.678500,36.96971108865901,-114.915699662326,1_Austin_Los Angeles,196361.3121933819,True,,,
Y61240,2024-09-06 05:26:47.732430,32.61280880982768,-111.63851837840788,0_Austin_San Diego,15438.326749569589,False,,,
A0693,2024-09-06 05:28:40.977000,40.5894051569009,-112.94191039297876,0_Portland_Atlanta,108093.02181802077,True,,,
F21691,2024-09-06 05:30:47.246520,35.50380897294923,-89.53996550593955,0_Austin_Philadelphia,15154.592225389342,False,,,
R61533,2024-09-06 05:32:13.523400,38.95706697425143,-91.96718850209842,0_Portland_Atlanta,750.9607774232308,False,,,
Z5254,2024-09-06 05:36:59.325865,30.10194480302422,-98.92133432942828,0_Austin_Los Angeles,16726.702507586222,False,,,
I11054,2024-09-06 05:37:19.109040,43.44878860716394,-89.3681622527506,0_Chicago_Seattle,10232.378110460173,False,,,
T8694,2024-09-06 05:39:14.755500,40.651918538831794,-113.24723736289928,0_Portland_Atlanta,131682.15888960275,True,,,
H91405,2024-09-06 05:39:35.335800,41.35527443017115,-101.61416408385485,1_Chicago_Seattle,23131.105186939316,False,,,
C11534,2024-09-06 05:42:24.880800,39.064767109304775,-92.2996946351942,0_Portland_Atlanta,10055.127003512056,False,,,
Q8790,2024-09-06 05:46:37.399500,36.62508053576032,-114.92197055066023,1_Austin_Los Angeles,166918.55493272445,True,,,
B9255,2024-09-06 05:48:03.723350,29.96896402370508,-99.05325391897802,1_Austin_San Diego,34167.13983687457,False,,,
G41055,2024-09-06 05:48:13.219200,43.70473731388159,-89.39816790501085,0_Chicago_Seattle,21772.87081923018,False,,,
M4695,2024-09-06 05:49:48.534000,40.57977927750659,-114.21321475501324,1_Chicago_Seattle,193937.48792474042,True,,,
I2930,2024-09-06 05:58:08.425200,38.9168288730472,-94.98712672961403,0_Portland_Atlanta,48813.8994486218,False,,,
D41056,2024-09-06 05:59:07.329360,43.55853467685303,-89.7700460723011,0_New York City_Seattle,952.0870393665699,False,,,
Y0623,2024-09-06 06:00:22.312500,40.61336457392861,-114.04605486763224,1_Chicago_Seattle,180355.83678437793,True,,,
G01535,2024-09-06 06:02:47.595600,38.87790762909403,-92.6124080716019,0_Portland_Atlanta,7819.150002341042,False,,,
Z01241,2024-09-06 06:07:04.374570,33.54893909781071,-112.21119354823333,0_Austin_Los Angeles,8924.054788353813,False,,,
O5931,2024-09-06 06:09:37.185480,38.77863870520263,-95.24176186465358,0_Portland_Atlanta,74207.58172887498,False,,,
W21057,2024-09-06 06:10:01.439520,43.35639762338961,-89.92791009860667,0_Chicago_Seattle,24677.23152783953,False,,,
A8624,2024-09-06 06:10:56.091000,41.03822948145632,-114.22427932400832,0_Portland_Atlanta,150161.91500255757,True,,,
J61692,2024-09-06 06:11:49.338840,35.085249429982554,-90.02650275126173,0_Austin_Philadelphia,7062.582108207568,False,,,
B01536,2024-09-06 06:12:58.953000,38.735820508135866,-93.11957918184184,0_Portland_Atlanta,21547.312450887955,False,,,
P9791,2024-09-06 06:16:54.981000,36.38215208303279,-114.90424431309086,1_Austin_Los Angeles,146005.74010213942,True,,,
T0932,2024-09-06 06:21:05.945760,39.13290974688609,-95.30167917810256,0_Portland_Atlanta,57338.6896512555,False,,,
L41242,2024-09-06 06:27:12.695640,33.53340248345599,-111.82195344108052,0_Austin_Los Angeles,19874.77768344723,False,,,
H7625,2024-09-06 06:32:03.648000,40.88179599412443,-114.45625556031412,1_New York City_Seattle,166584.0044133219,True,,,
N8256,2024-09-06 06:32:21.313290,29.7227915350032,-98.88280509995906,0_Austin_Los Angeles,52911.508355100676,False,,,
N6933,2024-09-06 06:32:34.706040,39.21075285687333,-95.41447066891008,0_Portland_Atlanta,65592.02709939744,False,,,
I7257,2024-09-06 06:43:25.710775,29.777151771985533,-98.49327997737107,0_Austin_Los Angeles,46906.2489559507,False,,,
E81537,2024-09-06 06:43:33.025200,38.93993399325374,-93.74413443892648,0_Portland_Atlanta,5980.926326175916,False,,,
P0934,2024-09-06 06:44:03.466320,39.16417938900682,-95.53085703151896,0_Portland_Atlanta,77870.76861896832,False,,,
E51406,2024-09-06 06:50:59.298000,40.80078377590294,-99.33634820788043,0_Portland_Atlanta,11170.614301153286,False,,,
G8626,2024-09-06 06:53:11.205000,40.88393860039262,-115.41797908937342,0_Portland_Atlanta,196065.02972494773,True,,,
Z5258,2024-09-06 06:54:30.108260,29.720350230809032,-98.56837586239048,0_Austin_Los Angeles,53602.7471050851,False,,,
P9935,2024-09-06 06:55:32.226600,39.28607140400473,-95.69296576895374,0_Portland_Atlanta,91650.28187904629,False,,,
D0627,2024-09-06 07:03:44.983500,41.08861150622422,-115.69546455101596,1_New York City_Seattle,183396.51765624637,True,,,
J51538,2024-09-06 07:03:55.740000,39.022831267206485,-94.05467402329823,0_Portland_Atlanta,1187.5706251538081,False,,,
T31058,2024-09-06 07:04:31.990320,44.18538851408854,-90.48264476582912,0_Chicago_Seattle,19317.074617940067,False,,,
P91693,2024-09-06 07:13:22.477320,34.59417452058383,-92.0221644249104,0_Austin_Philadelphia,20214.683088952508,False,,,
G61059,2024-09-06 07:15:26.100480,43.95240955675747,-90.8561804454988,0_Chicago_Seattle,3007.7772397934373,False,,,
S1259,2024-09-06 07:16:38.903230,29.505201101141203,-98.2809897860445,1_Austin_San Diego,71846.89862638107,False,,,
D1936,2024-09-06 07:18:29.747160,38.93490753378397,-96.40283089686346,0_Portland_Atlanta,161707.6734109613,True,,,
E01407,2024-09-06 07:21:35.281800,40.60570345944323,-99.02381728434082,1_New York City_Seattle,7317.2821653432175,False,,,
Y61694,2024-09-06 07:23:38.000400,34.92490979790525,-92.50753802221917,0_Austin_Philadelphia,29277.5774622499,False,,,
D8260,2024-09-06 07:27:43.300715,29.34746867269435,-98.16843072663904,1_Austin_San Diego,88226.57423596643,False,,,
D71408,2024-09-06 07:31:47.276400,40.58328128086583,-98.80854380361592,0_Portland_Atlanta,12298.248290979634,False,,,
O81695,2024-09-06 07:33:53.523480,34.44238980375885,-92.37598910316493,0_Austin_Philadelphia,21208.442064787,False,,,
X01243,2024-09-06 07:37:41.819385,33.3372474270748,-112.84179083242746,0_Austin_Los Angeles,13649.337557713436,False,,,
P0261,2024-09-06 07:38:47.698200,29.470631428679432,-98.27857844944118,1_Austin_San Diego,75440.0070483482,False,,,
E71630,2024-09-06 07:44:09.046560,34.80719473466104,-92.27573488984712,0_Austin_Philadelphia,3665.303282033215,False,,,
I21539,2024-09-06 07:44:41.169600,38.96819342119578,-94.45130901611222,0_Portland_Atlanta,8743.658899517879,False,,,
F5628,2024-09-06 07:46:00.097500,40.76946172256293,-116.34423157099027,0_Portland_Atlanta,230166.74688951587,True,,,
Y01060,2024-09-06 07:48:08.430960,44.09036768387769,-91.39066278393406,0_Chicago_Seattle,16144.433827693943,False,,,
D3262,2024-09-06 07:49:52.095685,29.409366512167622,-98.27901734639046,1_Austin_San Diego,81835.71593861218,False,,,
S61409,2024-09-06 07:52:11.265600,40.70047216344955,-97.8699603184802,0_Portland_Atlanta,11810.124318316768,False,,,
X3937,2024-09-06 07:52:56.028000,38.874720335943344,-96.72480610945904,0_Portland_Atlanta,179967.37620790742,True,,,
D31540,2024-09-06 07:54:52.527000,39.29649058876051,-94.8549894510474,0_Portland_Atlanta,10607.598162616061,False,,,
F3629,2024-09-06 07:56:33.876000,40.698993430102334,-116.08381612248728,0_Portland_Atlanta,228840.0738707195,True,,,
P71244,2024-09-06 07:57:50.140455,33.48357591352676,-113.43368817298236,1_Austin_San Diego,9860.08788382533,False,,,
T61541,2024-09-06 08:05:03.884400,39.33114089240653,-94.59947672749476,0_Portland_Atlanta,2305.137353721248,False,,,
S51061,2024-09-06 08:09:56.651280,44.16922247051096,-91.83664005450368,0_New York City_Seattle,21622.125309213,False,,,
N6263,2024-09-06 08:12:00.890655,29.661936767519627,-97.8600738121575,0_Austin_Los Angeles,57651.28801444764,False,,,
D51632,2024-09-06 08:14:55.615800,34.43507653284807,-93.07176842948752,0_Austin_Philadelphia,19377.58549400517,False,,,
I31245,2024-09-06 08:17:58.461525,33.80648929507294,-114.19538439028294,0_Austin_Los Angeles,14223.940947191684,False,,,
J21062,2024-09-06 08:20:50.761440,43.751132087954666,-92.1598613685316,0_Chicago_Seattle,18583.56106967037,False,,,
O61410,2024-09-06 08:22:47.249400,40.99705234143497,-97.030312916852,1_New York City_Seattle,17075.61475491876,False,,,
R9264,2024-09-06 08:23:05.288140,29.560349393561825,-97.5490463810399,0_Austin_Houston,59973.48245311054,False,,,
A11633,2024-09-06 08:25:11.138880,33.909020263705365,-93.30680589500425,0_Austin_Philadelphia,1085.624889752765,False,,,
C6938,2024-09-06 08:27:22.308840,38.785675268890174,-97.87223200210332,0_Portland_Atlanta,201607.8816730906,True,,,
I71246,2024-09-06 08:28:02.622060,33.816061362616786,-114.366748511963,0_Austin_Los Angeles,17562.619200522084,False,,,
K3265,2024-09-06 08:34:09.685625,29.50455464938756,-97.22237316010624,0_Austin_Jacksonville,48511.2870898941,False,,,
B5939,2024-09-06 08:38:51.069120,38.805228068790655,-97.9066987250294,0_Portland_Atlanta,199646.95659655295,True,,,
H61063,2024-09-06 08:42:38.981760,43.46264065854589,-93.00072582849812,0_Chicago_Seattle,19455.54493474483,False,,,
W4266,2024-09-06 08:45:14.083110,29.46293276839552,-96.81661143196132,0_Austin_Jacksonville,34959.78942375759,False,,,
Y3940,2024-09-06 08:50:19.829400,38.85154611786908,-98.24582362217724,0_Portland_Atlanta,191421.07825235964,True,,,
H41064,2024-09-06 08:53:33.091920,43.50548872375138,-93.07555470626804,0_Chicago_Seattle,15147.851602869903,False,,,
W9267,2024-09-06 08:56:18.480595,29.830790562591982,-96.37808075861788,0_Austin_Houston,9196.338552743278,False,,,
D0631,2024-09-06 08:59:56.547000,40.882044846219934,-117.57564443567864,1_Chicago_Seattle,283616.5572238447,True,,,
V41065,2024-09-06 09:04:27.202080,43.479533407231095,-93.05127595447748,0_Chicago_Seattle,17672.903215913346,False,,,
K3268,2024-09-06 09:07:22.878080,29.74148924499611,-96.1002621298688,0_Austin_Houston,2703.8650476234484,False,,,
E5632,2024-09-06 09:10:30.325500,40.97858591760236,-117.75901042994722,1_Chicago_Seattle,281253.00368445204,True,,,
T4874,2024-09-06 09:13:17.349960,39.03719816457059,-98.91057752307132,1_New York City_Seattle,162646.20072720168,True,,,
G41411,2024-09-06 09:13:47.222400,40.82106332553301,-96.43237440574931,1_Chicago_Seattle,10615.746935372643,False,,,
N01247,2024-09-06 09:18:23.424735,33.46682452685457,-115.87738431450197,0_Austin_Los Angeles,20433.13658464833,False,,,
T6269,2024-09-06 09:18:27.275565,29.926626680407868,-95.79898487062653,1_Austin_Houston,8033.293327477889,False,,,
C1875,2024-09-06 09:24:46.110240,38.6894775326858,-99.54335806033664,1_Chicago_Seattle,198504.11463836726,True,,,
H31542,2024-09-06 09:26:34.743600,40.25502152679693,-95.48803175231646,0_Portland_Atlanta,3698.893688703884,False,,,
P0270,2024-09-06 09:29:31.673050,29.593508840423283,-95.68155956864688,1_Austin_Jacksonville,19894.831029433022,False,,,
G2876,2024-09-06 09:36:14.870520,39.149222677632885,-99.7000261011564,1_New York City_Seattle,153609.12001039414,True,,,
G51543,2024-09-06 09:36:46.101000,40.34357503060692,-95.56081563105258,0_Portland_Atlanta,4042.914368841695,False,,,
J1633,2024-09-06 09:42:11.661000,40.70843045813283,-118.1647243328325,1_Chicago_Seattle,322903.545623267,True,,,
U2877,2024-09-06 09:47:43.630800,39.24901257242395,-99.86886101067212,1_New York City_Seattle,145378.2862133188,True,,,
Z7634,2024-09-06 09:52:45.439500,40.27757154704428,-118.15440835575384,1_Chicago_Seattle,361186.51928109734,True,,,
K91412,2024-09-06 09:54:35.200800,40.678406537635375,-95.8994369916834,0_Portland_Atlanta,2001.6972915844574,False,,,
Y81248,2024-09-06 09:58:40.066875,33.79913016980148,-116.38238314357162,1_Austin_San Diego,481.7338320849703,False,,,
B21066,2024-09-06 09:58:57.752880,43.78634558727863,-94.62637749306066,0_Chicago_Seattle,11232.792034863227,False,,,
J4271,2024-09-06 10:02:44.865505,29.77430645966343,-95.4840064374102,1_Austin_Jacksonville,875.5787791067626,False,,,
Y91067,2024-09-06 10:09:51.863040,43.5010103632869,-95.0368360720766,0_New York City_Seattle,13906.354102545065,False,,,
A4878,2024-09-06 10:10:41.151360,39.09264943728389,-101.09376076658836,1_New York City_Seattle,199962.90523721513,True,,,
Z9272,2024-09-06 10:13:49.262990,29.55016216963406,-95.39203467517328,1_Austin_Houston,21971.486494868586,False,,,
S5636,2024-09-06 10:13:52.996500,39.987117676876096,-118.67112876932669,0_Austin_San Jose,366755.6462281292,True,,,
X91544,2024-09-06 10:17:31.530600,40.46859868814908,-96.24546044229623,0_Portland_Atlanta,21247.61536226213,False,,,
O71068,2024-09-06 10:20:45.973200,43.493242590391056,-95.55804361108834,0_New York City_Seattle,13911.813029871642,False,,,
Y0879,2024-09-06 10:22:09.911640,39.20423508855163,-101.07440926214608,1_New York City_Seattle,188781.80763937352,True,,,
F4637,2024-09-06 10:24:26.775000,39.82572147909643,-118.78205883726449,0_Austin_San Jose,347884.9578488704,True,,,
N6273,2024-09-06 10:24:53.660475,29.594652497608564,-95.25588569910266,0_Austin_Jacksonville,18543.29247722097,False,,,
K11413,2024-09-06 10:25:11.184600,40.0620001580021,-95.5221941129548,0_Portland_Atlanta,20194.79431787362,False,,,
Q51249,2024-09-06 10:28:52.548480,34.09094400003666,-117.08578646947684,0_Austin_Los Angeles,7994.142383588841,False,,,
U4880,2024-09-06 10:33:38.671920,39.2671363930256,-101.48260276634235,1_Chicago_Seattle,181980.6574576778,True,,,
P31250,2024-09-06 10:38:56.709015,33.84079385755839,-116.89969863267564,1_Austin_San Diego,7682.7860403815375,False,,,
G01414,2024-09-06 10:45:35.173800,40.22434092317443,-95.44914326185206,0_Portland_Atlanta,3456.0028968669103,False,,,
F01415,2024-09-06 10:55:47.168400,40.204781133329945,-94.84265888571092,0_Portland_Atlanta,26576.96089662535,False,,,
A9638,2024-09-06 10:56:08.110500,39.50129779006079,-118.8523701773625,0_Austin_San Jose,319320.9443257203,True,,,
K7881,2024-09-06 10:56:36.192480,39.33356083608405,-102.26397831288452,0_Portland_Atlanta,167652.08315748814,True,,,
P21416,2024-09-06 11:05:59.163000,39.8202290390688,-94.88870650453376,0_Portland_Atlanta,6245.960998482493,False,,,
F0639,2024-09-06 11:06:41.889000,39.80345760229494,-119.41733068197112,0_Austin_San Jose,311822.3947698949,True,,,
P4640,2024-09-06 11:17:15.667500,39.47995785290514,-119.21637200021937,0_Austin_San Jose,295790.77685551316,True,,,
J01251,2024-09-06 11:19:13.351155,33.88087711264578,-117.08130109629803,1_Austin_San Diego,8582.554072021272,False,,,
B7883,2024-09-06 11:19:33.713040,39.43140671967824,-102.87021574630975,1_Chicago_Seattle,165349.27693799682,True,,,
A31069,2024-09-06 11:26:10.634160,43.82763150345285,-97.94329008791412,0_Chicago_Seattle,13304.544194466613,False,,,
C81417,2024-09-06 11:26:23.152200,39.87367557280401,-95.0030806777534,0_Portland_Atlanta,9246.80996246825,False,,,
Z6641,2024-09-06 11:27:49.446000,39.43909112406338,-119.51961560140224,0_Austin_San Jose,276288.8277561515,True,,,
S2884,2024-09-06 11:31:02.473320,39.48778449259644,-103.51166047401811,0_Portland_Atlanta,168901.24714389545,True,,,
E21070,2024-09-06 11:37:04.744320,43.61305631349688,-98.55885346171183,1_Portland_Atlanta,8585.305711383882,False,,,
E2642,2024-09-06 11:38:23.224500,39.71223663471468,-119.321017471251,0_Austin_San Jose,308930.594358018,True,,,
W31418,2024-09-06 11:46:47.141400,39.27609599576271,-94.59567167974988,0_Portland_Atlanta,1927.5579686744827,False,,,
L2643,2024-09-06 11:48:57.003000,39.82924153248318,-119.6806669697325,0_Austin_San Jose,302511.92728780775,True,,,
T21641,2024-09-06 11:50:21.600480,32.58996483172051,-96.62568207052132,1_Austin_Philadelphia,20177.027549472627,False,,,
C51419,2024-09-06 11:56:59.136000,39.27168732269296,-94.5289049557062,0_Portland_Atlanta,2195.2661665591154,False,,,
W21252,2024-09-06 11:59:29.993295,34.35566298821931,-117.7945466802412,0_Austin_San Jose,23884.25343734119,False,,,
Q41642,2024-09-06 12:00:37.123560,32.66474261777981,-96.93480837624544,0_Austin_Philadelphia,11476.36486667142,False,,,
S8885,2024-09-06 12:05:28.754160,39.62151018235102,-103.84860870436188,1_New York City_Seattle,153645.20039299683,True,,,
V91253,2024-09-06 12:09:34.153830,34.36310612808892,-117.9344452199658,0_Austin_San Jose,23654.558881551136,False,,,
H01545,2024-09-06 12:09:36.462000,41.01611070561223,-97.52204063276967,1_New York City_Seattle,18958.706154319683,False,,,
E81071,2024-09-06 12:09:47.074800,43.578156562255344,-99.08560538858472,0_Chicago_Seattle,16184.470247773066,False,,,
J2644,2024-09-06 12:10:04.560000,39.3845177200084,-119.41189601663882,0_Austin_San Jose,277376.29291980446,True,,,
I81643,2024-09-06 12:10:52.646640,32.434651521553484,-96.87805528356444,0_Austin_Philadelphia,1812.31363985072,False,,,
A41546,2024-09-06 12:19:47.819400,40.6894847900122,-98.0330542169757,0_Portland_Atlanta,12878.590268760767,False,,,
O2645,2024-09-06 12:20:38.338500,39.72302350204672,-119.3646650384917,0_Austin_San Jose,307633.958669134,True,,,
B11072,2024-09-06 12:31:35.295120,43.93607174252311,-99.67393364604251,0_Chicago_Seattle,6192.34453704411,False,,,
F4646,2024-09-06 12:41:45.895500,39.6045057734026,-119.83186886821974,0_Austin_San Jose,276675.08773934696,True,,,
J61073,2024-09-06 12:42:29.405280,43.74574943800597,-99.62196773271052,0_New York City_Seattle,10643.779533160117,False,,,
D71254,2024-09-06 12:49:50.795970,34.35115401497348,-118.20941289152113,0_Austin_San Jose,13984.486809422617,False,,,
A21547,2024-09-06 12:50:21.891600,40.88352186506533,-98.4617687272346,1_New York City_Seattle,7206.727793515831,False,,,
W61644,2024-09-06 12:51:54.738960,32.30471151940725,-96.9655677788115,1_Austin_Philadelphia,9163.180933704063,False,,,
Y01074,2024-09-06 12:53:23.515440,44.05693050960781,-100.22511569494722,0_Chicago_Seattle,13874.03775607776,False,,,
V31548,2024-09-06 13:00:33.249000,40.85277018327336,-99.03394677556122,0_Portland_Atlanta,16771.37864104995,False,,,
L8886,2024-09-06 13:02:52.555560,39.51298406570624,-104.89422566997231,1_Chicago_Seattle,157271.4037377728,True,,,
P11420,2024-09-06 13:08:23.098200,39.1204810166115,-93.69081429022307,0_Portland_Atlanta,12325.344203941102,False,,,
G31255,2024-09-06 13:09:59.117040,34.22812141818425,-118.08603708146276,0_Austin_San Jose,7516.8118942352785,False,,,
U91645,2024-09-06 13:12:25.785120,31.81034845308344,-97.1090211512648,1_Austin_Philadelphia,1222.8886578736303,False,,,
W0887,2024-09-06 13:14:21.315840,39.84181657154672,-104.71914797269662,1_Chicago_Seattle,125853.39999462957,True,,,
U21646,2024-09-06 13:22:41.308200,31.68151745928544,-96.89352701209728,1_Austin_Philadelphia,20910.66713430076,False,,,
E3888,2024-09-06 13:25:50.076120,39.59600969714672,-104.76508651251235,1_Chicago_Seattle,149840.3366806772,True,,,
L41647,2024-09-06 13:32:56.831280,31.827610496652163,-97.33129987554764,1_Austin_Philadelphia,23747.81991072983,False,,,
G1647,2024-09-06 13:34:34.788000,39.43011061829758,-119.94743262915618,0_Austin_San Jose,256700.3998535101,True,,,
I31075,2024-09-06 13:36:59.956080,43.8280392751832,-101.68551347660038,0_New York City_Seattle,2912.957506973753,False,,,
P3889,2024-09-06 13:37:18.836400,39.80044639293023,-104.82815427508837,1_Chicago_Seattle,129169.66781980378,True,,,
F91421,2024-09-06 13:38:59.082000,39.18343310519429,-93.46399532267752,0_Portland_Atlanta,20078.143653878353,False,,,
A1648,2024-09-06 13:45:08.566500,39.35251066956718,-120.20612053330156,0_Austin_San Jose,239879.09307653308,True,,,
Z11076,2024-09-06 13:47:54.066240,43.80857854881589,-102.42614099566396,0_Chicago_Seattle,23493.13838117265,False,,,
D21549,2024-09-06 13:51:30.036000,41.078762023466,-100.1669775752102,1_Chicago_Seattle,14421.858208104568,False,,,
T11648,2024-09-06 13:53:27.877440,31.41150160175712,-97.4424444878064,1_Austin_Philadelphia,22749.979276289632,False,,,
E11077,2024-09-06 13:58:48.176400,43.82354841623455,-102.48348895782183,0_Chicago_Seattle,23395.34957244806,False,,,
H71550,2024-09-06 14:01:41.393400,41.00757602212834,-100.53235690152854,1_New York City_Seattle,4259.811469970868,False,,,
P61649,2024-09-06 14:03:43.400520,31.07423238902427,-97.3753524315098,1_Austin_Philadelphia,1304.5632752737706,False,,,
S21256,2024-09-06 14:10:24.080250,34.454678795901984,-118.584027432076,0_Austin_San Jose,1467.22678183852,False,,,
M01551,2024-09-06 14:11:52.750800,40.87117339723024,-100.72221766165784,1_New York City_Seattle,21254.754489738327,False,,,
J21650,2024-09-06 14:13:58.923600,30.949169328094417,-97.14582528641849,1_Austin_Philadelphia,27631.963438684972,False,,,
T0649,2024-09-06 14:16:49.902000,39.37438489552108,-120.17879948446244,0_Austin_San Jose,242868.78823568352,True,,,
U41552,2024-09-06 14:22:04.108200,41.34642746410303,-100.72036280813975,1_Chicago_Seattle,23522.54250888335,False,,,
T11651,2024-09-06 14:24:14.446680,30.83613772509427,-97.22591550351146,1_Austin_Philadelphia,30115.90082867727,False,,,
R2650,2024-09-06 14:37:57.459000,39.31841780714393,-120.09370601214164,0_Austin_San Jose,241278.23967576475,True,,,
V11078,2024-09-06 14:42:24.617040,44.40943930790719,-103.27922332191154,0_New York City_Seattle,16753.339013138226,False,,,
M01553,2024-09-06 14:42:26.823000,40.951234130577966,-101.26458590929236,0_Portland_Atlanta,16184.453763102167,False,,,
P91652,2024-09-06 14:44:45.492840,30.742997977654177,-97.82163248298316,1_Austin_Los Angeles,5901.159138825313,False,,,
F9651,2024-09-06 14:48:31.237500,39.43608838833652,-120.37856973122037,0_Austin_San Jose,241705.74552809517,True,,,
Q51079,2024-09-06 14:53:18.727200,44.66479598017934,-103.80573823217586,0_New York City_Seattle,3478.7908574213798,False,,,
G4652,2024-09-06 14:59:05.016000,39.17681357308117,-120.1451518098513,0_Austin_San Jose,226663.7597280998,True,,,
Q0653,2024-09-06 15:09:38.794500,39.51775948078318,-120.41274247944784,0_Austin_San Jose,248293.8957754119,True,,,
V11554,2024-09-06 15:13:00.895200,40.89357133114655,-101.90244497284,1_New York City_Seattle,17787.19181699029,False,,,
S21000,2024-09-06 15:15:06.947520,44.78878566729395,-103.92538689872006,0_Chicago_Seattle,4666.524348325623,False,,,
Q51653,2024-09-06 15:15:32.062080,30.33018346189485,-97.79110650920796,1_Austin_San Diego,6296.503472170747,False,,,
E0654,2024-09-06 15:20:12.573000,39.47382479897663,-120.318479264727,0_Austin_San Jose,247037.08236124396,True,,,
I21001,2024-09-06 15:26:01.057680,44.47968003517891,-103.81450492257632,0_Chicago_Seattle,10061.307528898215,False,,,
Y5655,2024-09-06 15:30:46.351500,39.44525618949862,-120.10767709583408,0_Austin_San Jose,251938.03149373853,True,,,
Y71257,2024-09-06 15:30:57.364530,35.272490403233334,-119.2829243716683,0_Austin_San Jose,1840.3898087980042,False,,,
Q11002,2024-09-06 15:36:55.167840,44.803447980392086,-104.33514739843046,1_Portland_Atlanta,13758.602244572865,False,,,
G6656,2024-09-06 15:41:20.130000,39.08875379628561,-120.4440650663543,0_Austin_San Jose,207591.50335007496,True,,,
Y7657,2024-09-06 15:51:53.908500,39.29510434646719,-120.39164545711998,0_Austin_San Jose,228284.55584329035,True,,,
L21555,2024-09-06 15:53:46.324800,40.95014898763907,-102.98003011595084,1_Chicago_Seattle,16784.80102335151,False,,,
Y21258,2024-09-06 16:01:09.846135,36.23466678709234,-120.38599678626436,0_Austin_San Jose,11557.391507863298,False,,,
F4658,2024-09-06 16:02:27.687000,39.36108321216564,-120.72406938010732,0_Austin_San Jose,226428.95352424777,True,,,
A31259,2024-09-06 16:11:14.006670,36.7598393731118,-120.63142528090737,0_Austin_San Jose,4080.7044399859333,False,,,
K41556,2024-09-06 16:14:09.039600,41.34955611811742,-104.06827290487983,0_Portland_Atlanta,16880.62512848648,False,,,
F0659,2024-09-06 16:23:35.244000,39.35731085484122,-120.57147156813238,0_Austin_San Jose,229173.64406476374,True,,,
Q51260,2024-09-06 16:31:22.327740,37.07800889044503,-121.18255724362577,0_Austin_San Jose,568.8263953074977,False,,,
S61003,2024-09-06 16:31:25.718640,45.341585412145534,-106.16202929089788,1_Portland_Atlanta,21359.992502198027,False,,,
M5660,2024-09-06 16:34:09.022500,39.52691482319372,-120.86487841398076,0_Austin_San Jose,236766.9387086534,True,,,
J21004,2024-09-06 16:42:19.828800,45.4159452864928,-106.42381664592163,1_Portland_Atlanta,18746.826205061327,False,,,
P9661,2024-09-06 16:44:42.801000,39.24986949329541,-120.59883166431383,0_Austin_San Jose,218377.8064142028,True,,,
B31557,2024-09-06 16:54:54.469200,41.27972184035182,-105.07801903498844,1_New York City_Seattle,17072.50043986893,False,,,
N41005,2024-09-06 17:04:08.049120,45.679888568119495,-106.55493254499378,0_Chicago_Seattle,4299.085407938146,False,,,
J9662,2024-09-06 17:05:50.358000,39.446711866255335,-120.77787697738133,0_Austin_San Jose,233557.2250866314,True,,,
V41006,2024-09-06 17:15:02.159280,45.725372236163366,-106.59391497094376,0_Chicago_Seattle,8402.443010778858,False,,,
T91558,2024-09-06 17:15:17.184000,41.00510954290274,-105.23263069644588,1_New York City_Seattle,9710.941361196199,False,,,
N81559,2024-09-06 17:25:28.541400,41.05981916506439,-105.37364394768548,0_Portland_Atlanta,7500.4970082035425,False,,,
F0663,2024-09-06 17:26:57.915000,39.18654938905276,-120.82044314191344,0_Austin_San Jose,208134.5230905386,True,,,
M11008,2024-09-06 17:36:50.379600,45.38255273443778,-106.98228938427694,1_Portland_Atlanta,13864.66739058897,False,,,
E11560,2024-09-06 17:45:51.256200,41.29998510391028,-105.96951943554184,1_New York City_Seattle,13684.00892296782,False,,,
X01561,2024-09-06 17:56:02.613600,41.54904026352256,-106.08556576656125,0_Portland_Atlanta,190.38727439485416,False,,,
J01261,2024-09-06 18:12:03.933090,37.089526841718175,-121.30954148250662,1_Austin_San Jose,4919.566878177905,False,,,
J8664,2024-09-06 18:19:46.807500,39.11811894392438,-121.07099703312105,0_Austin_San Jose,192153.22404037154,True,,,
X91009,2024-09-06 18:31:20.930400,45.757182044047205,-108.52193735292536,1_Portland_Atlanta,597.4269744658735,False,,,
U71262,2024-09-06 18:32:12.254160,37.37363761226315,-121.90410004782431,0_Austin_San Jose,3961.584499980884,False,,,
L9665,2024-09-06 18:40:54.364500,38.74879176557962,-121.5590885274252,0_Austin_San Jose,142354.7317336753,True,,,
W3666,2024-09-06 18:51:28.143000,38.42112195097474,-121.35426160836792,0_Austin_San Jose,118378.5548805133,True,,,
N31562,2024-09-06 18:57:10.758000,41.77161539478919,-107.3012224054125,1_New York City_Seattle,414.83392186640947,False,,,
J41263,2024-09-06 19:02:24.735765,37.28009745057393,-121.6952335128262,1_Austin_San Jose,7131.144451224669,False,,,
L61012,2024-09-06 19:14:57.371040,45.64401356351114,-109.53982571425904,1_Portland_Atlanta,5056.988154367348,False,,,
M81563,2024-09-06 19:17:33.472800,41.58897077481127,-108.36562340590145,1_Chicago_Seattle,5264.424682757711,False,,,
B51013,2024-09-06 19:25:51.481200,45.87255323203757,-109.87643034622955,1_Portland_Atlanta,4347.214162682164,False,,,
J71564,2024-09-06 19:58:18.902400,41.71225741952558,-109.46045028559004,1_New York City_Seattle,15944.311381214147,False,,,
N11361,2024-09-06 20:06:34.876800,37.97421715281745,-88.93021169274813,0_Portland_Atlanta,492.58005110891895,False,,,
Y21565,2024-09-06 20:18:41.617200,41.624383690069024,-110.21471844282014,1_New York City_Seattle,19429.677196725814,False,,,
C01014,2024-09-06 20:20:22.032000,45.50350669956675,-111.04157143477066,1_Portland_Atlanta,16622.78694907484,False,,,
H11362,2024-09-06 20:47:22.855200,37.27357787320493,-88.78178247725481,1_Portland_Atlanta,3986.690750581102,False,,,
N71017,2024-09-06 20:53:04.362480,46.06357208558833,-111.54416159482092,0_Chicago_Seattle,14876.828596284027,False,,,
I81363,2024-09-06 20:57:34.849800,37.45618772320122,-88.98501779507215,0_Portland_Atlanta,9285.944807670812,False,,,
X61018,2024-09-06 21:03:58.472640,45.69100249122455,-112.12327720528704,1_Portland_Atlanta,19078.631159154153,False,,,
F41566,2024-09-06 21:09:38.404200,41.46577865237074,-110.85318986688914,1_Chicago_Seattle,18020.92383826803,False,,,
H61364,2024-09-06 21:17:58.839000,37.14904863385962,-88.66683113785264,0_Portland_Atlanta,1377.590400822616,False,,,
K31020,2024-09-06 21:36:40.803120,46.13679805228915,-112.74874876659143,1_Portland_Atlanta,254.2969047651529,False,,,
S21021,2024-09-06 21:47:34.913280,46.03598017730413,-112.62706500241308,0_Chicago_Seattle,1497.0566567138146,False,,,
E61022,2024-09-06 21:58:29.023440,46.46658434524022,-112.6661192460799,1_Portland_Atlanta,5483.533353259919,False,,,
T91365,2024-09-06 21:58:46.817400,37.080748154118645,-88.58724155560003,1_Portland_Atlanta,5699.035829338616,False,,,
O61367,2024-09-06 22:19:10.806600,37.19214788716377,-88.32326904101643,1_Portland_Atlanta,16159.80684317736,False,,,
Z21567,2024-09-06 22:20:57.906000,40.89132633528767,-111.77069685843418,1_Chicago_Seattle,19966.031603405114,False,,,
U21368,2024-09-06 22:29:22.801200,37.23223663103719,-87.98960018445617,1_Portland_Atlanta,18230.945520641657,False,,,
X51023,2024-09-06 22:31:11.353920,46.64942353669584,-113.4206532305384,1_Portland_Atlanta,4667.763266833128,False,,,
X01369,2024-09-06 22:39:34.795800,37.29169337328341,-87.9315379046921,1_Portland_Atlanta,25708.699154554957,False,,,
F51370,2024-09-06 22:49:46.790400,36.865720814721456,-88.06916669654426,0_Portland_Atlanta,17193.487351989344,False,,,
N61568,2024-09-06 22:51:31.978200,41.78988063087525,-112.05090441868968,1_New York City_Seattle,13725.144959455363,False,,,
Z01371,2024-09-06 23:10:10.779600,36.96362139132879,-87.8627035246432,1_Portland_Atlanta,118.13928785516484,False,,,
C31569,2024-09-06 23:11:54.693000,41.88397964278953,-112.20789426388214,1_New York City_Seattle,12077.163970596861,False,,,
H01026,2024-09-06 23:25:41.904720,46.58674063760812,-113.6246155613542,0_Chicago_Seattle,12674.736513455113,False,,,
M91570,2024-09-06 23:32:17.407800,41.80389279348819,-112.52050039398688,0_Portland_Atlanta,8041.422722389396,False,,,
X41028,2024-09-06 23:58:24.235200,47.14341988302928,-114.33616062049856,0_New York City_Seattle,10252.103513700053,False,,,
Z31373,2024-09-07 00:01:10.752600,36.37904679182975,-87.39318310361645,1_Portland_Atlanta,22773.86097118658,False,,,
S41571,2024-09-07 00:02:51.480000,42.35475934578695,-112.82007018389083,0_Portland_Atlanta,24796.959521895107,False,,,
Z11374,2024-09-07 00:11:22.747200,36.62145005903114,-87.15929030563854,0_Portland_Atlanta,10745.353603305455,False,,,
R11572,2024-09-07 00:13:02.837400,42.36546861959711,-113.21843975276327,1_New York City_Seattle,2453.804520963047,False,,,
N61030,2024-09-07 00:20:12.455520,46.93231253625245,-114.89540786033362,0_New York City_Seattle,17747.05997145873,False,,,
U51031,2024-09-07 00:42:00.675840,47.17870280108566,-115.27287023285984,1_Portland_Atlanta,13365.372184656771,False,,,
V11032,2024-09-07 00:52:54.786000,47.44897555372107,-115.28920857766258,1_Portland_Atlanta,8543.402670355274,False,,,
N31033,2024-09-07 01:03:48.896160,47.438220461447536,-115.0912819650498,1_Portland_Atlanta,13939.554764096581,False,,,
N11375,2024-09-07 01:12:34.714800,36.17665896378422,-86.68434614331834,0_Austin_Philadelphia,3140.700116846737,False,,,
U81573,2024-09-07 01:14:10.981800,42.84401903743157,-114.19528384259829,1_Chicago_Seattle,25684.18750050547,False,,,
K21034,2024-09-07 01:14:43.006320,47.18029989825954,-115.29446782601582,0_Chicago_Seattle,13870.926789771533,False,,,
W21376,2024-09-07 01:22:46.709400,35.58568811168258,-86.09653720994348,1_Portland_Atlanta,6601.838936529275,False,,,
K11574,2024-09-07 01:24:22.339200,42.73230350591483,-114.55612032995978,1_New York City_Seattle,251.99754060494638,False,,,
N71035,2024-09-07 01:25:37.116480,47.583174196084194,-115.5574684499606,0_Chicago_Seattle,15459.277545077566,False,,,
N41575,2024-09-07 01:34:33.696600,42.78412249987618,-114.82340934276722,0_Portland_Atlanta,4748.5872517359985,False,,,
T71037,2024-09-07 01:47:25.336800,47.64479107024518,-115.4471894743488,1_Portland_Atlanta,22491.00831645854,False,,,
V01576,2024-09-07 01:54:56.411400,43.151599719554405,-115.0107126766966,0_Portland_Atlanta,20165.060536616984,False,,,
V01038,2024-09-07 02:09:13.557120,47.52211781326775,-115.71186945075192,0_Chicago_Seattle,5567.833425245098,False,,,
N11378,2024-09-07 02:13:46.682400,35.087350633217355,-85.53716853645044,1_Portland_Atlanta,7485.541217695126,False,,,
M21577,2024-09-07 02:25:30.483600,42.783967443390175,-115.48623322679435,0_Portland_Atlanta,16832.515275622867,False,,,
U81379,2024-09-07 02:34:10.671600,34.87152783171428,-85.65170167476842,0_Portland_Atlanta,15930.993443988275,False,,,
I71039,2024-09-07 02:41:55.887600,47.688193041897605,-115.6638215584129,0_Chicago_Seattle,21260.868098681236,False,,,
S61380,2024-09-07 02:44:22.666200,35.06627481460503,-85.48913462679778,1_Portland_Atlanta,6908.500913059801,False,,,
Q01040,2024-09-07 03:14:38.218080,47.5959552464093,-115.71746123024892,0_Chicago_Seattle,12464.217746341556,False,,,
I31041,2024-09-07 03:25:32.328240,47.263195177590326,-115.98668849358458,1_Portland_Atlanta,20553.58803702863,False,,,
P21381,2024-09-07 03:35:22.639200,35.10766462986687,-85.01230315079033,1_Portland_Atlanta,22413.42141759728,False,,,
U71578,2024-09-07 03:36:49.985400,43.53337560809726,-116.49092864614116,1_Chicago_Seattle,7026.6233979185745,False,,,
G81382,2024-09-07 03:55:46.628400,34.69681362321952,-85.0563770616784,1_Portland_Atlanta,5741.912124687939,False,,,
Y71383,2024-09-07 04:05:58.623000,34.4560456231312,-84.7930535373711,1_Portland_Atlanta,12319.750507642493,False,,,
V21579,2024-09-07 04:07:24.057600,43.87821291241116,-116.85682215455498,1_New York City_Seattle,3659.066489316929,False,,,
M31042,2024-09-07 04:20:02.879040,47.70442661729735,-116.7233111428737,0_Chicago_Seattle,3714.8103291836364,False,,,
C71384,2024-09-07 04:36:34.606800,34.15963400357536,-84.96322217496544,0_Portland_Atlanta,19791.53479681149,False,,,
H11043,2024-09-07 04:41:51.099360,47.4136059677824,-116.73914162220642,0_Chicago_Seattle,20689.671746117136,False,,,
M61385,2024-09-07 04:46:46.601400,34.00622204881472,-84.83199628651798,0_Portland_Atlanta,14774.65714856303,False,,,
T81044,2024-09-07 05:03:39.319680,47.58565783999191,-116.55602031553056,0_New York City_Seattle,3204.2406014669114,False,,,
Z31580,2024-09-07 05:08:32.202000,44.656557223509566,-117.292060122351,1_New York City_Seattle,15308.9312836118,False,,,
M31386,2024-09-07 05:17:22.585200,34.29181350950173,-84.66352103694852,1_Portland_Atlanta,11212.436820653505,False,,,
Z61500,2024-09-07 05:18:43.559400,44.8736979250601,-117.73882660456474,0_Portland_Atlanta,3835.8683282943084,False,,,
Z81501,2024-09-07 05:28:54.916800,44.955982605592204,-117.98621735611748,1_New York City_Seattle,7919.741490586265,False,,,
U91045,2024-09-07 05:36:21.650160,47.83426801241743,-117.16131720017378,0_Chicago_Seattle,14181.822137862118,False,,,
L91046,2024-09-07 05:47:15.760320,47.72511735075978,-117.120474910431,0_Chicago_Seattle,3751.779485609297,False,,,
C81502,2024-09-07 05:49:17.631600,45.26790398957059,-118.10983863300044,1_New York City_Seattle,4244.346121546763,False,,,
T41503,2024-09-07 06:09:40.346400,45.47215573736238,-117.9541292949304,1_Chicago_Seattle,17338.319084774655,False,,,
H61047,2024-09-07 06:19:58.090800,47.33465861536162,-117.974235899307,1_Portland_Atlanta,683.1360556759704,False,,,
T01048,2024-09-07 06:30:52.200960,46.94289382201451,-118.5215520186562,1_Portland_Atlanta,5011.254776878174,False,,,
S31504,2024-09-07 06:50:25.776000,45.47606193613974,-118.55153783988004,1_New York City_Seattle,10644.255570568192,False,,,
U81506,2024-09-07 07:31:11.205600,45.49567726818808,-118.75787866949548,0_Portland_Atlanta,13617.513357750036,False,,,
K01507,2024-09-07 08:11:56.635200,45.73436555137581,-120.06314223008468,0_Portland_Atlanta,2266.295207391418,False,,,
Y01509,2024-09-07 09:13:04.779600,45.56035179631006,-121.49751883361446,0_Portland_Atlanta,14037.937225859096,False,,,
K71511,2024-09-07 10:14:12.924000,45.6164790912842,-122.01954745207742,0_Portland_Atlanta,646.3286260928419,False,,,
A91512,2024-09-07 10:24:24.281400,45.46492928240821,-121.88476810690918,0_Portland_Atlanta,17222.08037352424,False,,,
P11513,2024-09-07 11:45:55.140600,45.6565526905675,-122.56273994798724,0_Portland_Atlanta,11508.464884194073,False,,,
